Org Number,Legal Name,SNI Code,sni_2digit,division_interval,section_code,section_desc,sni_category
ORG_00218,Company_00218,72190,72,69-75,N,"PROFESSIONAL, SCIENTIFIC AND TECHNICAL ACTIVITIES","69-75 N - PROFESSIONAL, SCIENTIFIC AND TECHNICAL ACTIVITIES"
ORG_00221,Company_00221,70220,70,69-75,N,"PROFESSIONAL, SCIENTIFIC AND TECHNICAL ACTIVITIES","69-75 N - PROFESSIONAL, SCIENTIFIC AND TECHNICAL ACTIVITIES"
ORG_00251,Company_00251,46410,46,46-47,G,WHOLESALE AND RETAIL TRADE,46-47 G - WHOLESALE AND RETAIL TRADE
ORG_00261,Company_00261,70220,70,69-75,N,"PROFESSIONAL, SCIENTIFIC AND TECHNICAL ACTIVITIES","69-75 N - PROFESSIONAL, SCIENTIFIC AND TECHNICAL ACTIVITIES"
ORG_00269,Company_00269,71124,71,69-75,N,"PROFESSIONAL, SCIENTIFIC AND TECHNICAL ACTIVITIES","69-75 N - PROFESSIONAL, SCIENTIFIC AND TECHNICAL ACTIVITIES"
ORG_00275,Company_00275,71122,71,69-75,N,"PROFESSIONAL, SCIENTIFIC AND TECHNICAL ACTIVITIES","69-75 N - PROFESSIONAL, SCIENTIFIC AND TECHNICAL ACTIVITIES"
ORG_00282,Company_00282,27900,27,10-33,C,MANUFACTURING,10-33 C - MANUFACTURING
ORG_00294,Company_00294,53202,53,49-53,H,TRANSPORTATION AND STORAGE,49-53 H - TRANSPORTATION AND STORAGE
ORG_00311,Company_00311,85599,85,85,Q,EDUCATION,85 Q - EDUCATION
ORG_00324,Company_00324,62020,62,61-63,K,"TELECOMMUNICATION, COMPUTER PROGRAMMING, CONSULTING, COMPUTING INFRASTRUCTURE AND OTHER INFORMATION SERVICE ACTIVITIES","61-63 K - TELECOMMUNICATION, COMPUTER PROGRAMMING, CONSULTING, COMPUTING INFRASTRUCTURE AND OTHER INFORMATION SERVICE ACTIVITIES"
ORG_00336,Company_00336,62010,62,61-63,K,"TELECOMMUNICATION, COMPUTER PROGRAMMING, CONSULTING, COMPUTING INFRASTRUCTURE AND OTHER INFORMATION SERVICE ACTIVITIES","61-63 K - TELECOMMUNICATION, COMPUTER PROGRAMMING, CONSULTING, COMPUTING INFRASTRUCTURE AND OTHER INFORMATION SERVICE ACTIVITIES"
ORG_00344,Company_00344,71122,71,69-75,N,"PROFESSIONAL, SCIENTIFIC AND TECHNICAL ACTIVITIES","69-75 N - PROFESSIONAL, SCIENTIFIC AND TECHNICAL ACTIVITIES"
ORG_00345,Company_00345,73200,73,69-75,N,"PROFESSIONAL, SCIENTIFIC AND TECHNICAL ACTIVITIES","69-75 N - PROFESSIONAL, SCIENTIFIC AND TECHNICAL ACTIVITIES"
ORG_00350,Company_00350,62010,62,61-63,K,"TELECOMMUNICATION, COMPUTER PROGRAMMING, CONSULTING, COMPUTING INFRASTRUCTURE AND OTHER INFORMATION SERVICE ACTIVITIES","61-63 K - TELECOMMUNICATION, COMPUTER PROGRAMMING, CONSULTING, COMPUTING INFRASTRUCTURE AND OTHER INFORMATION SERVICE ACTIVITIES"
ORG_00361,Company_00361,27400,27,10-33,C,MANUFACTURING,10-33 C - MANUFACTURING
ORG_00363,Company_00363,61100,61,61-63,K,"TELECOMMUNICATION, COMPUTER PROGRAMMING, CONSULTING, COMPUTING INFRASTRUCTURE AND OTHER INFORMATION SERVICE ACTIVITIES","61-63 K - TELECOMMUNICATION, COMPUTER PROGRAMMING, CONSULTING, COMPUTING INFRASTRUCTURE AND OTHER INFORMATION SERVICE ACTIVITIES"
ORG_00403,Company_00403,70220,70,69-75,N,"PROFESSIONAL, SCIENTIFIC AND TECHNICAL ACTIVITIES","69-75 N - PROFESSIONAL, SCIENTIFIC AND TECHNICAL ACTIVITIES"
ORG_00413,Company_00413,47300,47,46-47,G,WHOLESALE AND RETAIL TRADE,46-47 G - WHOLESALE AND RETAIL TRADE
ORG_00432,Company_00432,43320;58110;59110,43,41-43,F,CONSTRUCTION,41-43 F - CONSTRUCTION
ORG_00433,Company_00433,03119,3,01-03,A,"AGRICULTURE, FORESTRY AND FISHING","01-03 A - AGRICULTURE, FORESTRY AND FISHING"
ORG_00439,Company_00439,72190,72,69-75,N,"PROFESSIONAL, SCIENTIFIC AND TECHNICAL ACTIVITIES","69-75 N - PROFESSIONAL, SCIENTIFIC AND TECHNICAL ACTIVITIES"
ORG_00442,Company_00442,63910,63,61-63,K,"TELECOMMUNICATION, COMPUTER PROGRAMMING, CONSULTING, COMPUTING INFRASTRUCTURE AND OTHER INFORMATION SERVICE ACTIVITIES","61-63 K - TELECOMMUNICATION, COMPUTER PROGRAMMING, CONSULTING, COMPUTING INFRASTRUCTURE AND OTHER INFORMATION SERVICE ACTIVITIES"
ORG_00467,Company_00467,32501,32,10-33,C,MANUFACTURING,10-33 C - MANUFACTURING
ORG_00483,Company_00483,32501,32,10-33,C,MANUFACTURING,10-33 C - MANUFACTURING
ORG_00500,Company_00500,56210;69201,56,55-56,I,ACCOMMODATION AND FOOD SERVICE ACTIVITIES,55-56 I - ACCOMMODATION AND FOOD SERVICE ACTIVITIES
ORG_00501,Company_00501,58290,58,58-60,J,"PUBLISHING, BROADCASTING, AND CONTENT PRODUCTION AND DISTRIBUTION ACTIVITIES","58-60 J - PUBLISHING, BROADCASTING, AND CONTENT PRODUCTION AND DISTRIBUTION ACTIVITIES"
ORG_00503,Company_00503,71121;71129,71,69-75,N,"PROFESSIONAL, SCIENTIFIC AND TECHNICAL ACTIVITIES","69-75 N - PROFESSIONAL, SCIENTIFIC AND TECHNICAL ACTIVITIES"
ORG_00515,Company_00515,58290,58,58-60,J,"PUBLISHING, BROADCASTING, AND CONTENT PRODUCTION AND DISTRIBUTION ACTIVITIES","58-60 J - PUBLISHING, BROADCASTING, AND CONTENT PRODUCTION AND DISTRIBUTION ACTIVITIES"
ORG_00521,Company_00521,62020,62,61-63,K,"TELECOMMUNICATION, COMPUTER PROGRAMMING, CONSULTING, COMPUTING INFRASTRUCTURE AND OTHER INFORMATION SERVICE ACTIVITIES","61-63 K - TELECOMMUNICATION, COMPUTER PROGRAMMING, CONSULTING, COMPUTING INFRASTRUCTURE AND OTHER INFORMATION SERVICE ACTIVITIES"
ORG_00533,Company_00533,39000,39,36-39,E,"WATER SUPPLY; SEWERAGE, WASTE MANAGEMENT AND REMEDIATION ACTIVITIES","36-39 E - WATER SUPPLY; SEWERAGE, WASTE MANAGEMENT AND REMEDIATION ACTIVITIES"
ORG_00534,Company_00534,93199,93,90-93,S,"ARTS, SPORTS AND RECREATION","90-93 S - ARTS, SPORTS AND RECREATION"
ORG_00546,Company_00546,85594,85,85,Q,EDUCATION,85 Q - EDUCATION
ORG_00550,Company_00550,62010,62,61-63,K,"TELECOMMUNICATION, COMPUTER PROGRAMMING, CONSULTING, COMPUTING INFRASTRUCTURE AND OTHER INFORMATION SERVICE ACTIVITIES","61-63 K - TELECOMMUNICATION, COMPUTER PROGRAMMING, CONSULTING, COMPUTING INFRASTRUCTURE AND OTHER INFORMATION SERVICE ACTIVITIES"
ORG_00555,Company_00555,66190,66,64-66,L,FINANCIAL AND INSURANCE ACTIVITIES,64-66 L - FINANCIAL AND INSURANCE ACTIVITIES
ORG_00590,Company_00590,62010,62,61-63,K,"TELECOMMUNICATION, COMPUTER PROGRAMMING, CONSULTING, COMPUTING INFRASTRUCTURE AND OTHER INFORMATION SERVICE ACTIVITIES","61-63 K - TELECOMMUNICATION, COMPUTER PROGRAMMING, CONSULTING, COMPUTING INFRASTRUCTURE AND OTHER INFORMATION SERVICE ACTIVITIES"
ORG_00604,Company_00604,71124,71,69-75,N,"PROFESSIONAL, SCIENTIFIC AND TECHNICAL ACTIVITIES","69-75 N - PROFESSIONAL, SCIENTIFIC AND TECHNICAL ACTIVITIES"
ORG_00610,Company_00610,62010,62,61-63,K,"TELECOMMUNICATION, COMPUTER PROGRAMMING, CONSULTING, COMPUTING INFRASTRUCTURE AND OTHER INFORMATION SERVICE ACTIVITIES","61-63 K - TELECOMMUNICATION, COMPUTER PROGRAMMING, CONSULTING, COMPUTING INFRASTRUCTURE AND OTHER INFORMATION SERVICE ACTIVITIES"
ORG_00635,Company_00635,8690,86,86-88,R,HUMAN HEALTH AND SOCIAL WORK ACTIVITIES,86-88 R - HUMAN HEALTH AND SOCIAL WORK ACTIVITIES
ORG_00637,Company_00637,4752,47,46-47,G,WHOLESALE AND RETAIL TRADE,46-47 G - WHOLESALE AND RETAIL TRADE
ORG_00688,Company_00688,63110,63,61-63,K,"TELECOMMUNICATION, COMPUTER PROGRAMMING, CONSULTING, COMPUTING INFRASTRUCTURE AND OTHER INFORMATION SERVICE ACTIVITIES","61-63 K - TELECOMMUNICATION, COMPUTER PROGRAMMING, CONSULTING, COMPUTING INFRASTRUCTURE AND OTHER INFORMATION SERVICE ACTIVITIES"
ORG_00689,Company_00689,62010,62,61-63,K,"TELECOMMUNICATION, COMPUTER PROGRAMMING, CONSULTING, COMPUTING INFRASTRUCTURE AND OTHER INFORMATION SERVICE ACTIVITIES","61-63 K - TELECOMMUNICATION, COMPUTER PROGRAMMING, CONSULTING, COMPUTING INFRASTRUCTURE AND OTHER INFORMATION SERVICE ACTIVITIES"
ORG_00720,Company_00720,71124,71,69-75,N,"PROFESSIONAL, SCIENTIFIC AND TECHNICAL ACTIVITIES","69-75 N - PROFESSIONAL, SCIENTIFIC AND TECHNICAL ACTIVITIES"
ORG_00736,Company_00736,63110,63,61-63,K,"TELECOMMUNICATION, COMPUTER PROGRAMMING, CONSULTING, COMPUTING INFRASTRUCTURE AND OTHER INFORMATION SERVICE ACTIVITIES","61-63 K - TELECOMMUNICATION, COMPUTER PROGRAMMING, CONSULTING, COMPUTING INFRASTRUCTURE AND OTHER INFORMATION SERVICE ACTIVITIES"
ORG_00747,Company_00747,85510,85,85,Q,EDUCATION,85 Q - EDUCATION
ORG_00748,Company_00748,47722,47,46-47,G,WHOLESALE AND RETAIL TRADE,46-47 G - WHOLESALE AND RETAIL TRADE
ORG_00756,Company_00756,58290,58,58-60,J,"PUBLISHING, BROADCASTING, AND CONTENT PRODUCTION AND DISTRIBUTION ACTIVITIES","58-60 J - PUBLISHING, BROADCASTING, AND CONTENT PRODUCTION AND DISTRIBUTION ACTIVITIES"
ORG_00761,Company_00761,58210,58,58-60,J,"PUBLISHING, BROADCASTING, AND CONTENT PRODUCTION AND DISTRIBUTION ACTIVITIES","58-60 J - PUBLISHING, BROADCASTING, AND CONTENT PRODUCTION AND DISTRIBUTION ACTIVITIES"
ORG_00762,Company_00762,62010,62,61-63,K,"TELECOMMUNICATION, COMPUTER PROGRAMMING, CONSULTING, COMPUTING INFRASTRUCTURE AND OTHER INFORMATION SERVICE ACTIVITIES","61-63 K - TELECOMMUNICATION, COMPUTER PROGRAMMING, CONSULTING, COMPUTING INFRASTRUCTURE AND OTHER INFORMATION SERVICE ACTIVITIES"
ORG_00786,Company_00786,72190,72,69-75,N,"PROFESSIONAL, SCIENTIFIC AND TECHNICAL ACTIVITIES","69-75 N - PROFESSIONAL, SCIENTIFIC AND TECHNICAL ACTIVITIES"
ORG_00787,Company_00787,62010,62,61-63,K,"TELECOMMUNICATION, COMPUTER PROGRAMMING, CONSULTING, COMPUTING INFRASTRUCTURE AND OTHER INFORMATION SERVICE ACTIVITIES","61-63 K - TELECOMMUNICATION, COMPUTER PROGRAMMING, CONSULTING, COMPUTING INFRASTRUCTURE AND OTHER INFORMATION SERVICE ACTIVITIES"
ORG_00794,Company_00794,71123,71,69-75,N,"PROFESSIONAL, SCIENTIFIC AND TECHNICAL ACTIVITIES","69-75 N - PROFESSIONAL, SCIENTIFIC AND TECHNICAL ACTIVITIES"
ORG_00799,Company_00799,72190,72,69-75,N,"PROFESSIONAL, SCIENTIFIC AND TECHNICAL ACTIVITIES","69-75 N - PROFESSIONAL, SCIENTIFIC AND TECHNICAL ACTIVITIES"
ORG_00815,Company_00815,62030,62,61-63,K,"TELECOMMUNICATION, COMPUTER PROGRAMMING, CONSULTING, COMPUTING INFRASTRUCTURE AND OTHER INFORMATION SERVICE ACTIVITIES","61-63 K - TELECOMMUNICATION, COMPUTER PROGRAMMING, CONSULTING, COMPUTING INFRASTRUCTURE AND OTHER INFORMATION SERVICE ACTIVITIES"
ORG_00826,Company_00826,64202,64,64-66,L,FINANCIAL AND INSURANCE ACTIVITIES,64-66 L - FINANCIAL AND INSURANCE ACTIVITIES
ORG_00827,Company_00827,73111,73,69-75,N,"PROFESSIONAL, SCIENTIFIC AND TECHNICAL ACTIVITIES","69-75 N - PROFESSIONAL, SCIENTIFIC AND TECHNICAL ACTIVITIES"
ORG_00829,Company_00829,62010,62,61-63,K,"TELECOMMUNICATION, COMPUTER PROGRAMMING, CONSULTING, COMPUTING INFRASTRUCTURE AND OTHER INFORMATION SERVICE ACTIVITIES","61-63 K - TELECOMMUNICATION, COMPUTER PROGRAMMING, CONSULTING, COMPUTING INFRASTRUCTURE AND OTHER INFORMATION SERVICE ACTIVITIES"
ORG_00834,Company_00834,85600,85,85,Q,EDUCATION,85 Q - EDUCATION
ORG_00851,Company_00851,62010,62,61-63,K,"TELECOMMUNICATION, COMPUTER PROGRAMMING, CONSULTING, COMPUTING INFRASTRUCTURE AND OTHER INFORMATION SERVICE ACTIVITIES","61-63 K - TELECOMMUNICATION, COMPUTER PROGRAMMING, CONSULTING, COMPUTING INFRASTRUCTURE AND OTHER INFORMATION SERVICE ACTIVITIES"
ORG_00854,Company_00854,56100,56,55-56,I,ACCOMMODATION AND FOOD SERVICE ACTIVITIES,55-56 I - ACCOMMODATION AND FOOD SERVICE ACTIVITIES
ORG_00866,Company_00866,88101,88,86-88,R,HUMAN HEALTH AND SOCIAL WORK ACTIVITIES,86-88 R - HUMAN HEALTH AND SOCIAL WORK ACTIVITIES
ORG_00869,Company_00869,43120;87203,43,41-43,F,CONSTRUCTION,41-43 F - CONSTRUCTION
ORG_00874,Company_00874,01135;71124,1,01-03,A,"AGRICULTURE, FORESTRY AND FISHING","01-03 A - AGRICULTURE, FORESTRY AND FISHING"
ORG_00876,Company_00876,71123;71129;71200,71,69-75,N,"PROFESSIONAL, SCIENTIFIC AND TECHNICAL ACTIVITIES","69-75 N - PROFESSIONAL, SCIENTIFIC AND TECHNICAL ACTIVITIES"
ORG_00888,Company_00888,62010,62,61-63,K,"TELECOMMUNICATION, COMPUTER PROGRAMMING, CONSULTING, COMPUTING INFRASTRUCTURE AND OTHER INFORMATION SERVICE ACTIVITIES","61-63 K - TELECOMMUNICATION, COMPUTER PROGRAMMING, CONSULTING, COMPUTING INFRASTRUCTURE AND OTHER INFORMATION SERVICE ACTIVITIES"
ORG_00889,Company_00889,58290,58,58-60,J,"PUBLISHING, BROADCASTING, AND CONTENT PRODUCTION AND DISTRIBUTION ACTIVITIES","58-60 J - PUBLISHING, BROADCASTING, AND CONTENT PRODUCTION AND DISTRIBUTION ACTIVITIES"
ORG_00903,Company_00903,47610,47,46-47,G,WHOLESALE AND RETAIL TRADE,46-47 G - WHOLESALE AND RETAIL TRADE
ORG_00909,Company_00909,47410,47,46-47,G,WHOLESALE AND RETAIL TRADE,46-47 G - WHOLESALE AND RETAIL TRADE
ORG_00911,Company_00911,66220,66,64-66,L,FINANCIAL AND INSURANCE ACTIVITIES,64-66 L - FINANCIAL AND INSURANCE ACTIVITIES
ORG_00914,Company_00914,62010,62,61-63,K,"TELECOMMUNICATION, COMPUTER PROGRAMMING, CONSULTING, COMPUTING INFRASTRUCTURE AND OTHER INFORMATION SERVICE ACTIVITIES","61-63 K - TELECOMMUNICATION, COMPUTER PROGRAMMING, CONSULTING, COMPUTING INFRASTRUCTURE AND OTHER INFORMATION SERVICE ACTIVITIES"
ORG_00920,Company_00920,62010,62,61-63,K,"TELECOMMUNICATION, COMPUTER PROGRAMMING, CONSULTING, COMPUTING INFRASTRUCTURE AND OTHER INFORMATION SERVICE ACTIVITIES","61-63 K - TELECOMMUNICATION, COMPUTER PROGRAMMING, CONSULTING, COMPUTING INFRASTRUCTURE AND OTHER INFORMATION SERVICE ACTIVITIES"
ORG_00946,Company_00946,62020,62,61-63,K,"TELECOMMUNICATION, COMPUTER PROGRAMMING, CONSULTING, COMPUTING INFRASTRUCTURE AND OTHER INFORMATION SERVICE ACTIVITIES","61-63 K - TELECOMMUNICATION, COMPUTER PROGRAMMING, CONSULTING, COMPUTING INFRASTRUCTURE AND OTHER INFORMATION SERVICE ACTIVITIES"
ORG_00947,Company_00947,85600,85,85,Q,EDUCATION,85 Q - EDUCATION
ORG_00951,Company_00951,46610,46,46-47,G,WHOLESALE AND RETAIL TRADE,46-47 G - WHOLESALE AND RETAIL TRADE
ORG_00957,Company_00957,63910,63,61-63,K,"TELECOMMUNICATION, COMPUTER PROGRAMMING, CONSULTING, COMPUTING INFRASTRUCTURE AND OTHER INFORMATION SERVICE ACTIVITIES","61-63 K - TELECOMMUNICATION, COMPUTER PROGRAMMING, CONSULTING, COMPUTING INFRASTRUCTURE AND OTHER INFORMATION SERVICE ACTIVITIES"
ORG_00976,Company_00976,62010,62,61-63,K,"TELECOMMUNICATION, COMPUTER PROGRAMMING, CONSULTING, COMPUTING INFRASTRUCTURE AND OTHER INFORMATION SERVICE ACTIVITIES","61-63 K - TELECOMMUNICATION, COMPUTER PROGRAMMING, CONSULTING, COMPUTING INFRASTRUCTURE AND OTHER INFORMATION SERVICE ACTIVITIES"
ORG_01001,Company_01001,71124,71,69-75,N,"PROFESSIONAL, SCIENTIFIC AND TECHNICAL ACTIVITIES","69-75 N - PROFESSIONAL, SCIENTIFIC AND TECHNICAL ACTIVITIES"
ORG_01002,Company_01002,63910,63,61-63,K,"TELECOMMUNICATION, COMPUTER PROGRAMMING, CONSULTING, COMPUTING INFRASTRUCTURE AND OTHER INFORMATION SERVICE ACTIVITIES","61-63 K - TELECOMMUNICATION, COMPUTER PROGRAMMING, CONSULTING, COMPUTING INFRASTRUCTURE AND OTHER INFORMATION SERVICE ACTIVITIES"
ORG_01010,Company_01010,71122,71,69-75,N,"PROFESSIONAL, SCIENTIFIC AND TECHNICAL ACTIVITIES","69-75 N - PROFESSIONAL, SCIENTIFIC AND TECHNICAL ACTIVITIES"
ORG_01013,Company_01013,28990,28,10-33,C,MANUFACTURING,10-33 C - MANUFACTURING
ORG_01034,Company_01034,62020,62,61-63,K,"TELECOMMUNICATION, COMPUTER PROGRAMMING, CONSULTING, COMPUTING INFRASTRUCTURE AND OTHER INFORMATION SERVICE ACTIVITIES","61-63 K - TELECOMMUNICATION, COMPUTER PROGRAMMING, CONSULTING, COMPUTING INFRASTRUCTURE AND OTHER INFORMATION SERVICE ACTIVITIES"
ORG_01082,Company_01082,58290,58,58-60,J,"PUBLISHING, BROADCASTING, AND CONTENT PRODUCTION AND DISTRIBUTION ACTIVITIES","58-60 J - PUBLISHING, BROADCASTING, AND CONTENT PRODUCTION AND DISTRIBUTION ACTIVITIES"
ORG_01095,Company_01095,62020,62,61-63,K,"TELECOMMUNICATION, COMPUTER PROGRAMMING, CONSULTING, COMPUTING INFRASTRUCTURE AND OTHER INFORMATION SERVICE ACTIVITIES","61-63 K - TELECOMMUNICATION, COMPUTER PROGRAMMING, CONSULTING, COMPUTING INFRASTRUCTURE AND OTHER INFORMATION SERVICE ACTIVITIES"
ORG_01099,Company_01099,62010,62,61-63,K,"TELECOMMUNICATION, COMPUTER PROGRAMMING, CONSULTING, COMPUTING INFRASTRUCTURE AND OTHER INFORMATION SERVICE ACTIVITIES","61-63 K - TELECOMMUNICATION, COMPUTER PROGRAMMING, CONSULTING, COMPUTING INFRASTRUCTURE AND OTHER INFORMATION SERVICE ACTIVITIES"
ORG_01104,Company_01104,82300,82,77-82,O,ADMINISTRATIVE AND SUPPORT SERVICE ACTIVITIES,77-82 O - ADMINISTRATIVE AND SUPPORT SERVICE ACTIVITIES
ORG_01108,Company_01108,63110,63,61-63,K,"TELECOMMUNICATION, COMPUTER PROGRAMMING, CONSULTING, COMPUTING INFRASTRUCTURE AND OTHER INFORMATION SERVICE ACTIVITIES","61-63 K - TELECOMMUNICATION, COMPUTER PROGRAMMING, CONSULTING, COMPUTING INFRASTRUCTURE AND OTHER INFORMATION SERVICE ACTIVITIES"
ORG_01113,Company_01113,73111,73,69-75,N,"PROFESSIONAL, SCIENTIFIC AND TECHNICAL ACTIVITIES","69-75 N - PROFESSIONAL, SCIENTIFIC AND TECHNICAL ACTIVITIES"
ORG_01118,Company_01118,62020,62,61-63,K,"TELECOMMUNICATION, COMPUTER PROGRAMMING, CONSULTING, COMPUTING INFRASTRUCTURE AND OTHER INFORMATION SERVICE ACTIVITIES","61-63 K - TELECOMMUNICATION, COMPUTER PROGRAMMING, CONSULTING, COMPUTING INFRASTRUCTURE AND OTHER INFORMATION SERVICE ACTIVITIES"
ORG_01130,Company_01130,66220,66,64-66,L,FINANCIAL AND INSURANCE ACTIVITIES,64-66 L - FINANCIAL AND INSURANCE ACTIVITIES
ORG_01155,Company_01155,63910,63,61-63,K,"TELECOMMUNICATION, COMPUTER PROGRAMMING, CONSULTING, COMPUTING INFRASTRUCTURE AND OTHER INFORMATION SERVICE ACTIVITIES","61-63 K - TELECOMMUNICATION, COMPUTER PROGRAMMING, CONSULTING, COMPUTING INFRASTRUCTURE AND OTHER INFORMATION SERVICE ACTIVITIES"
ORG_01173,Company_01173,62010,62,61-63,K,"TELECOMMUNICATION, COMPUTER PROGRAMMING, CONSULTING, COMPUTING INFRASTRUCTURE AND OTHER INFORMATION SERVICE ACTIVITIES","61-63 K - TELECOMMUNICATION, COMPUTER PROGRAMMING, CONSULTING, COMPUTING INFRASTRUCTURE AND OTHER INFORMATION SERVICE ACTIVITIES"
ORG_01196,Company_01196,95290,95,94-96,T,OTHER SERVICE ACTIVITIES,94-96 T - OTHER SERVICE ACTIVITIES
ORG_01199,Company_01199,46160,46,46-47,G,WHOLESALE AND RETAIL TRADE,46-47 G - WHOLESALE AND RETAIL TRADE
ORG_01208,Company_01208,85599,85,85,Q,EDUCATION,85 Q - EDUCATION
ORG_01209,Company_01209,62010,62,61-63,K,"TELECOMMUNICATION, COMPUTER PROGRAMMING, CONSULTING, COMPUTING INFRASTRUCTURE AND OTHER INFORMATION SERVICE ACTIVITIES","61-63 K - TELECOMMUNICATION, COMPUTER PROGRAMMING, CONSULTING, COMPUTING INFRASTRUCTURE AND OTHER INFORMATION SERVICE ACTIVITIES"
ORG_01238,Company_01238,72190,72,69-75,N,"PROFESSIONAL, SCIENTIFIC AND TECHNICAL ACTIVITIES","69-75 N - PROFESSIONAL, SCIENTIFIC AND TECHNICAL ACTIVITIES"
ORG_01262,Company_01262,47711;47712,47,46-47,G,WHOLESALE AND RETAIL TRADE,46-47 G - WHOLESALE AND RETAIL TRADE
ORG_01272,Company_01272,33110,33,10-33,C,MANUFACTURING,10-33 C - MANUFACTURING
ORG_01276,Company_01276,2821,28,10-33,C,MANUFACTURING,10-33 C - MANUFACTURING
ORG_01285,Company_01285,74101,74,69-75,N,"PROFESSIONAL, SCIENTIFIC AND TECHNICAL ACTIVITIES","69-75 N - PROFESSIONAL, SCIENTIFIC AND TECHNICAL ACTIVITIES"
ORG_01289,Company_01289,62010,62,61-63,K,"TELECOMMUNICATION, COMPUTER PROGRAMMING, CONSULTING, COMPUTING INFRASTRUCTURE AND OTHER INFORMATION SERVICE ACTIVITIES","61-63 K - TELECOMMUNICATION, COMPUTER PROGRAMMING, CONSULTING, COMPUTING INFRASTRUCTURE AND OTHER INFORMATION SERVICE ACTIVITIES"
ORG_01323,Company_01323,62010,62,61-63,K,"TELECOMMUNICATION, COMPUTER PROGRAMMING, CONSULTING, COMPUTING INFRASTRUCTURE AND OTHER INFORMATION SERVICE ACTIVITIES","61-63 K - TELECOMMUNICATION, COMPUTER PROGRAMMING, CONSULTING, COMPUTING INFRASTRUCTURE AND OTHER INFORMATION SERVICE ACTIVITIES"
ORG_01367,Company_01367,62010,62,61-63,K,"TELECOMMUNICATION, COMPUTER PROGRAMMING, CONSULTING, COMPUTING INFRASTRUCTURE AND OTHER INFORMATION SERVICE ACTIVITIES","61-63 K - TELECOMMUNICATION, COMPUTER PROGRAMMING, CONSULTING, COMPUTING INFRASTRUCTURE AND OTHER INFORMATION SERVICE ACTIVITIES"
ORG_01384,Company_01384,46420,46,46-47,G,WHOLESALE AND RETAIL TRADE,46-47 G - WHOLESALE AND RETAIL TRADE
ORG_01426,Company_01426,63110,63,61-63,K,"TELECOMMUNICATION, COMPUTER PROGRAMMING, CONSULTING, COMPUTING INFRASTRUCTURE AND OTHER INFORMATION SERVICE ACTIVITIES","61-63 K - TELECOMMUNICATION, COMPUTER PROGRAMMING, CONSULTING, COMPUTING INFRASTRUCTURE AND OTHER INFORMATION SERVICE ACTIVITIES"
ORG_01447,Company_01447,77210,77,77-82,O,ADMINISTRATIVE AND SUPPORT SERVICE ACTIVITIES,77-82 O - ADMINISTRATIVE AND SUPPORT SERVICE ACTIVITIES
ORG_01448,Company_01448,71122,71,69-75,N,"PROFESSIONAL, SCIENTIFIC AND TECHNICAL ACTIVITIES","69-75 N - PROFESSIONAL, SCIENTIFIC AND TECHNICAL ACTIVITIES"
ORG_01451,Company_01451,58290,58,58-60,J,"PUBLISHING, BROADCASTING, AND CONTENT PRODUCTION AND DISTRIBUTION ACTIVITIES","58-60 J - PUBLISHING, BROADCASTING, AND CONTENT PRODUCTION AND DISTRIBUTION ACTIVITIES"
ORG_01452,Company_01452,62010,62,61-63,K,"TELECOMMUNICATION, COMPUTER PROGRAMMING, CONSULTING, COMPUTING INFRASTRUCTURE AND OTHER INFORMATION SERVICE ACTIVITIES","61-63 K - TELECOMMUNICATION, COMPUTER PROGRAMMING, CONSULTING, COMPUTING INFRASTRUCTURE AND OTHER INFORMATION SERVICE ACTIVITIES"
ORG_01458,Company_01458,62010,62,61-63,K,"TELECOMMUNICATION, COMPUTER PROGRAMMING, CONSULTING, COMPUTING INFRASTRUCTURE AND OTHER INFORMATION SERVICE ACTIVITIES","61-63 K - TELECOMMUNICATION, COMPUTER PROGRAMMING, CONSULTING, COMPUTING INFRASTRUCTURE AND OTHER INFORMATION SERVICE ACTIVITIES"
ORG_01461,Company_01461,62010,62,61-63,K,"TELECOMMUNICATION, COMPUTER PROGRAMMING, CONSULTING, COMPUTING INFRASTRUCTURE AND OTHER INFORMATION SERVICE ACTIVITIES","61-63 K - TELECOMMUNICATION, COMPUTER PROGRAMMING, CONSULTING, COMPUTING INFRASTRUCTURE AND OTHER INFORMATION SERVICE ACTIVITIES"
ORG_01475,Company_01475,58290,58,58-60,J,"PUBLISHING, BROADCASTING, AND CONTENT PRODUCTION AND DISTRIBUTION ACTIVITIES","58-60 J - PUBLISHING, BROADCASTING, AND CONTENT PRODUCTION AND DISTRIBUTION ACTIVITIES"
ORG_01481,Company_01481,62010,62,61-63,K,"TELECOMMUNICATION, COMPUTER PROGRAMMING, CONSULTING, COMPUTING INFRASTRUCTURE AND OTHER INFORMATION SERVICE ACTIVITIES","61-63 K - TELECOMMUNICATION, COMPUTER PROGRAMMING, CONSULTING, COMPUTING INFRASTRUCTURE AND OTHER INFORMATION SERVICE ACTIVITIES"
ORG_01482,Company_01482,85599,85,85,Q,EDUCATION,85 Q - EDUCATION
ORG_01493,Company_01493,62010,62,61-63,K,"TELECOMMUNICATION, COMPUTER PROGRAMMING, CONSULTING, COMPUTING INFRASTRUCTURE AND OTHER INFORMATION SERVICE ACTIVITIES","61-63 K - TELECOMMUNICATION, COMPUTER PROGRAMMING, CONSULTING, COMPUTING INFRASTRUCTURE AND OTHER INFORMATION SERVICE ACTIVITIES"
ORG_01512,Company_01512,59110,59,58-60,J,"PUBLISHING, BROADCASTING, AND CONTENT PRODUCTION AND DISTRIBUTION ACTIVITIES","58-60 J - PUBLISHING, BROADCASTING, AND CONTENT PRODUCTION AND DISTRIBUTION ACTIVITIES"
ORG_01514,Company_01514,4759,47,46-47,G,WHOLESALE AND RETAIL TRADE,46-47 G - WHOLESALE AND RETAIL TRADE
ORG_01523,Company_01523,62010,62,61-63,K,"TELECOMMUNICATION, COMPUTER PROGRAMMING, CONSULTING, COMPUTING INFRASTRUCTURE AND OTHER INFORMATION SERVICE ACTIVITIES","61-63 K - TELECOMMUNICATION, COMPUTER PROGRAMMING, CONSULTING, COMPUTING INFRASTRUCTURE AND OTHER INFORMATION SERVICE ACTIVITIES"
ORG_01549,Company_01549,69102,69,69-75,N,"PROFESSIONAL, SCIENTIFIC AND TECHNICAL ACTIVITIES","69-75 N - PROFESSIONAL, SCIENTIFIC AND TECHNICAL ACTIVITIES"
ORG_01552,Company_01552,70220,70,69-75,N,"PROFESSIONAL, SCIENTIFIC AND TECHNICAL ACTIVITIES","69-75 N - PROFESSIONAL, SCIENTIFIC AND TECHNICAL ACTIVITIES"
ORG_01568,Company_01568,49410,49,49-53,H,TRANSPORTATION AND STORAGE,49-53 H - TRANSPORTATION AND STORAGE
ORG_01570,Company_01570,63910,63,61-63,K,"TELECOMMUNICATION, COMPUTER PROGRAMMING, CONSULTING, COMPUTING INFRASTRUCTURE AND OTHER INFORMATION SERVICE ACTIVITIES","61-63 K - TELECOMMUNICATION, COMPUTER PROGRAMMING, CONSULTING, COMPUTING INFRASTRUCTURE AND OTHER INFORMATION SERVICE ACTIVITIES"
ORG_01588,Company_01588,71124,71,69-75,N,"PROFESSIONAL, SCIENTIFIC AND TECHNICAL ACTIVITIES","69-75 N - PROFESSIONAL, SCIENTIFIC AND TECHNICAL ACTIVITIES"
ORG_01591,Company_01591,66190,66,64-66,L,FINANCIAL AND INSURANCE ACTIVITIES,64-66 L - FINANCIAL AND INSURANCE ACTIVITIES
ORG_01596,Company_01596,26510,26,10-33,C,MANUFACTURING,10-33 C - MANUFACTURING
ORG_01597,Company_01597,62020,62,61-63,K,"TELECOMMUNICATION, COMPUTER PROGRAMMING, CONSULTING, COMPUTING INFRASTRUCTURE AND OTHER INFORMATION SERVICE ACTIVITIES","61-63 K - TELECOMMUNICATION, COMPUTER PROGRAMMING, CONSULTING, COMPUTING INFRASTRUCTURE AND OTHER INFORMATION SERVICE ACTIVITIES"
ORG_01602,Company_01602,47712,47,46-47,G,WHOLESALE AND RETAIL TRADE,46-47 G - WHOLESALE AND RETAIL TRADE
ORG_01603,Company_01603,70220,70,69-75,N,"PROFESSIONAL, SCIENTIFIC AND TECHNICAL ACTIVITIES","69-75 N - PROFESSIONAL, SCIENTIFIC AND TECHNICAL ACTIVITIES"
ORG_01612,Company_01612,62020,62,61-63,K,"TELECOMMUNICATION, COMPUTER PROGRAMMING, CONSULTING, COMPUTING INFRASTRUCTURE AND OTHER INFORMATION SERVICE ACTIVITIES","61-63 K - TELECOMMUNICATION, COMPUTER PROGRAMMING, CONSULTING, COMPUTING INFRASTRUCTURE AND OTHER INFORMATION SERVICE ACTIVITIES"
ORG_01618,Company_01618,62020,62,61-63,K,"TELECOMMUNICATION, COMPUTER PROGRAMMING, CONSULTING, COMPUTING INFRASTRUCTURE AND OTHER INFORMATION SERVICE ACTIVITIES","61-63 K - TELECOMMUNICATION, COMPUTER PROGRAMMING, CONSULTING, COMPUTING INFRASTRUCTURE AND OTHER INFORMATION SERVICE ACTIVITIES"
ORG_01630,Company_01630,63110,63,61-63,K,"TELECOMMUNICATION, COMPUTER PROGRAMMING, CONSULTING, COMPUTING INFRASTRUCTURE AND OTHER INFORMATION SERVICE ACTIVITIES","61-63 K - TELECOMMUNICATION, COMPUTER PROGRAMMING, CONSULTING, COMPUTING INFRASTRUCTURE AND OTHER INFORMATION SERVICE ACTIVITIES"
ORG_01638,Company_01638,27520;28290,27,10-33,C,MANUFACTURING,10-33 C - MANUFACTURING
ORG_01645,Company_01645,46491,46,46-47,G,WHOLESALE AND RETAIL TRADE,46-47 G - WHOLESALE AND RETAIL TRADE
ORG_01647,Company_01647,66290,66,64-66,L,FINANCIAL AND INSURANCE ACTIVITIES,64-66 L - FINANCIAL AND INSURANCE ACTIVITIES
ORG_01650,Company_01650,62010,62,61-63,K,"TELECOMMUNICATION, COMPUTER PROGRAMMING, CONSULTING, COMPUTING INFRASTRUCTURE AND OTHER INFORMATION SERVICE ACTIVITIES","61-63 K - TELECOMMUNICATION, COMPUTER PROGRAMMING, CONSULTING, COMPUTING INFRASTRUCTURE AND OTHER INFORMATION SERVICE ACTIVITIES"
ORG_01676,Company_01676,63110,63,61-63,K,"TELECOMMUNICATION, COMPUTER PROGRAMMING, CONSULTING, COMPUTING INFRASTRUCTURE AND OTHER INFORMATION SERVICE ACTIVITIES","61-63 K - TELECOMMUNICATION, COMPUTER PROGRAMMING, CONSULTING, COMPUTING INFRASTRUCTURE AND OTHER INFORMATION SERVICE ACTIVITIES"
ORG_01694,Company_01694,56210,56,55-56,I,ACCOMMODATION AND FOOD SERVICE ACTIVITIES,55-56 I - ACCOMMODATION AND FOOD SERVICE ACTIVITIES
ORG_01697,Company_01697,78100,78,77-82,O,ADMINISTRATIVE AND SUPPORT SERVICE ACTIVITIES,77-82 O - ADMINISTRATIVE AND SUPPORT SERVICE ACTIVITIES
ORG_01700,Company_01700,47919,47,46-47,G,WHOLESALE AND RETAIL TRADE,46-47 G - WHOLESALE AND RETAIL TRADE
ORG_01703,Company_01703,62010,62,61-63,K,"TELECOMMUNICATION, COMPUTER PROGRAMMING, CONSULTING, COMPUTING INFRASTRUCTURE AND OTHER INFORMATION SERVICE ACTIVITIES","61-63 K - TELECOMMUNICATION, COMPUTER PROGRAMMING, CONSULTING, COMPUTING INFRASTRUCTURE AND OTHER INFORMATION SERVICE ACTIVITIES"
ORG_01713,Company_01713,71124,71,69-75,N,"PROFESSIONAL, SCIENTIFIC AND TECHNICAL ACTIVITIES","69-75 N - PROFESSIONAL, SCIENTIFIC AND TECHNICAL ACTIVITIES"
ORG_01715,Company_01715,47410,47,46-47,G,WHOLESALE AND RETAIL TRADE,46-47 G - WHOLESALE AND RETAIL TRADE
ORG_01722,Company_01722,70220,70,69-75,N,"PROFESSIONAL, SCIENTIFIC AND TECHNICAL ACTIVITIES","69-75 N - PROFESSIONAL, SCIENTIFIC AND TECHNICAL ACTIVITIES"
ORG_01737,Company_01737,62010,62,61-63,K,"TELECOMMUNICATION, COMPUTER PROGRAMMING, CONSULTING, COMPUTING INFRASTRUCTURE AND OTHER INFORMATION SERVICE ACTIVITIES","61-63 K - TELECOMMUNICATION, COMPUTER PROGRAMMING, CONSULTING, COMPUTING INFRASTRUCTURE AND OTHER INFORMATION SERVICE ACTIVITIES"
ORG_01740,Company_01740,71121,71,69-75,N,"PROFESSIONAL, SCIENTIFIC AND TECHNICAL ACTIVITIES","69-75 N - PROFESSIONAL, SCIENTIFIC AND TECHNICAL ACTIVITIES"
ORG_01744,Company_01744,63910,63,61-63,K,"TELECOMMUNICATION, COMPUTER PROGRAMMING, CONSULTING, COMPUTING INFRASTRUCTURE AND OTHER INFORMATION SERVICE ACTIVITIES","61-63 K - TELECOMMUNICATION, COMPUTER PROGRAMMING, CONSULTING, COMPUTING INFRASTRUCTURE AND OTHER INFORMATION SERVICE ACTIVITIES"
ORG_01747,Company_01747,74900,74,69-75,N,"PROFESSIONAL, SCIENTIFIC AND TECHNICAL ACTIVITIES","69-75 N - PROFESSIONAL, SCIENTIFIC AND TECHNICAL ACTIVITIES"
ORG_01771,Company_01771,74101,74,69-75,N,"PROFESSIONAL, SCIENTIFIC AND TECHNICAL ACTIVITIES","69-75 N - PROFESSIONAL, SCIENTIFIC AND TECHNICAL ACTIVITIES"
ORG_01773,Company_01773,74900,74,69-75,N,"PROFESSIONAL, SCIENTIFIC AND TECHNICAL ACTIVITIES","69-75 N - PROFESSIONAL, SCIENTIFIC AND TECHNICAL ACTIVITIES"
ORG_01780,Company_01780,62010,62,61-63,K,"TELECOMMUNICATION, COMPUTER PROGRAMMING, CONSULTING, COMPUTING INFRASTRUCTURE AND OTHER INFORMATION SERVICE ACTIVITIES","61-63 K - TELECOMMUNICATION, COMPUTER PROGRAMMING, CONSULTING, COMPUTING INFRASTRUCTURE AND OTHER INFORMATION SERVICE ACTIVITIES"
ORG_01795,Company_01795,71124,71,69-75,N,"PROFESSIONAL, SCIENTIFIC AND TECHNICAL ACTIVITIES","69-75 N - PROFESSIONAL, SCIENTIFIC AND TECHNICAL ACTIVITIES"
ORG_01802,Company_01802,58290,58,58-60,J,"PUBLISHING, BROADCASTING, AND CONTENT PRODUCTION AND DISTRIBUTION ACTIVITIES","58-60 J - PUBLISHING, BROADCASTING, AND CONTENT PRODUCTION AND DISTRIBUTION ACTIVITIES"
ORG_01804,Company_01804,63110,63,61-63,K,"TELECOMMUNICATION, COMPUTER PROGRAMMING, CONSULTING, COMPUTING INFRASTRUCTURE AND OTHER INFORMATION SERVICE ACTIVITIES","61-63 K - TELECOMMUNICATION, COMPUTER PROGRAMMING, CONSULTING, COMPUTING INFRASTRUCTURE AND OTHER INFORMATION SERVICE ACTIVITIES"
ORG_01809,Company_01809,26510,26,10-33,C,MANUFACTURING,10-33 C - MANUFACTURING
ORG_01813,Company_01813,62010,62,61-63,K,"TELECOMMUNICATION, COMPUTER PROGRAMMING, CONSULTING, COMPUTING INFRASTRUCTURE AND OTHER INFORMATION SERVICE ACTIVITIES","61-63 K - TELECOMMUNICATION, COMPUTER PROGRAMMING, CONSULTING, COMPUTING INFRASTRUCTURE AND OTHER INFORMATION SERVICE ACTIVITIES"
ORG_01815,Company_01815,26510,26,10-33,C,MANUFACTURING,10-33 C - MANUFACTURING
ORG_01816,Company_01816,62010,62,61-63,K,"TELECOMMUNICATION, COMPUTER PROGRAMMING, CONSULTING, COMPUTING INFRASTRUCTURE AND OTHER INFORMATION SERVICE ACTIVITIES","61-63 K - TELECOMMUNICATION, COMPUTER PROGRAMMING, CONSULTING, COMPUTING INFRASTRUCTURE AND OTHER INFORMATION SERVICE ACTIVITIES"
ORG_01842,Company_01842,58290,58,58-60,J,"PUBLISHING, BROADCASTING, AND CONTENT PRODUCTION AND DISTRIBUTION ACTIVITIES","58-60 J - PUBLISHING, BROADCASTING, AND CONTENT PRODUCTION AND DISTRIBUTION ACTIVITIES"
ORG_01845,Company_01845,47111,47,46-47,G,WHOLESALE AND RETAIL TRADE,46-47 G - WHOLESALE AND RETAIL TRADE
ORG_01847,Company_01847,71122,71,69-75,N,"PROFESSIONAL, SCIENTIFIC AND TECHNICAL ACTIVITIES","69-75 N - PROFESSIONAL, SCIENTIFIC AND TECHNICAL ACTIVITIES"
ORG_01849,Company_01849,70220,70,69-75,N,"PROFESSIONAL, SCIENTIFIC AND TECHNICAL ACTIVITIES","69-75 N - PROFESSIONAL, SCIENTIFIC AND TECHNICAL ACTIVITIES"
ORG_01856,Company_01856,22290,22,10-33,C,MANUFACTURING,10-33 C - MANUFACTURING
ORG_01864,Company_01864,9001,90,90-93,S,"ARTS, SPORTS AND RECREATION","90-93 S - ARTS, SPORTS AND RECREATION"
ORG_01872,Company_01872,01134,1,01-03,A,"AGRICULTURE, FORESTRY AND FISHING","01-03 A - AGRICULTURE, FORESTRY AND FISHING"
ORG_01899,Company_01899,62010,62,61-63,K,"TELECOMMUNICATION, COMPUTER PROGRAMMING, CONSULTING, COMPUTING INFRASTRUCTURE AND OTHER INFORMATION SERVICE ACTIVITIES","61-63 K - TELECOMMUNICATION, COMPUTER PROGRAMMING, CONSULTING, COMPUTING INFRASTRUCTURE AND OTHER INFORMATION SERVICE ACTIVITIES"
ORG_01906,Company_01906,70220,70,69-75,N,"PROFESSIONAL, SCIENTIFIC AND TECHNICAL ACTIVITIES","69-75 N - PROFESSIONAL, SCIENTIFIC AND TECHNICAL ACTIVITIES"
ORG_01912,Company_01912,70220,70,69-75,N,"PROFESSIONAL, SCIENTIFIC AND TECHNICAL ACTIVITIES","69-75 N - PROFESSIONAL, SCIENTIFIC AND TECHNICAL ACTIVITIES"
ORG_01929,Company_01929,62020,62,61-63,K,"TELECOMMUNICATION, COMPUTER PROGRAMMING, CONSULTING, COMPUTING INFRASTRUCTURE AND OTHER INFORMATION SERVICE ACTIVITIES","61-63 K - TELECOMMUNICATION, COMPUTER PROGRAMMING, CONSULTING, COMPUTING INFRASTRUCTURE AND OTHER INFORMATION SERVICE ACTIVITIES"
ORG_01949,Company_01949,17240,17,10-33,C,MANUFACTURING,10-33 C - MANUFACTURING
ORG_01950,Company_01950,85600,85,85,Q,EDUCATION,85 Q - EDUCATION
ORG_01980,Company_01980,45201,45,,,,nan nan - nan
ORG_02009,Company_02009,62010,62,61-63,K,"TELECOMMUNICATION, COMPUTER PROGRAMMING, CONSULTING, COMPUTING INFRASTRUCTURE AND OTHER INFORMATION SERVICE ACTIVITIES","61-63 K - TELECOMMUNICATION, COMPUTER PROGRAMMING, CONSULTING, COMPUTING INFRASTRUCTURE AND OTHER INFORMATION SERVICE ACTIVITIES"
ORG_02026,Company_02026,47641,47,46-47,G,WHOLESALE AND RETAIL TRADE,46-47 G - WHOLESALE AND RETAIL TRADE
ORG_02053,Company_02053,59110,59,58-60,J,"PUBLISHING, BROADCASTING, AND CONTENT PRODUCTION AND DISTRIBUTION ACTIVITIES","58-60 J - PUBLISHING, BROADCASTING, AND CONTENT PRODUCTION AND DISTRIBUTION ACTIVITIES"
ORG_02068,Company_02068,70220,70,69-75,N,"PROFESSIONAL, SCIENTIFIC AND TECHNICAL ACTIVITIES","69-75 N - PROFESSIONAL, SCIENTIFIC AND TECHNICAL ACTIVITIES"
ORG_02110,Company_02110,62020,62,61-63,K,"TELECOMMUNICATION, COMPUTER PROGRAMMING, CONSULTING, COMPUTING INFRASTRUCTURE AND OTHER INFORMATION SERVICE ACTIVITIES","61-63 K - TELECOMMUNICATION, COMPUTER PROGRAMMING, CONSULTING, COMPUTING INFRASTRUCTURE AND OTHER INFORMATION SERVICE ACTIVITIES"
ORG_02112,Company_02112,85600,85,85,Q,EDUCATION,85 Q - EDUCATION
ORG_02129,Company_02129,58290,58,58-60,J,"PUBLISHING, BROADCASTING, AND CONTENT PRODUCTION AND DISTRIBUTION ACTIVITIES","58-60 J - PUBLISHING, BROADCASTING, AND CONTENT PRODUCTION AND DISTRIBUTION ACTIVITIES"
ORG_02136,Company_02136,45110,45,,,,nan nan - nan
ORG_02143,Company_02143,74101,74,69-75,N,"PROFESSIONAL, SCIENTIFIC AND TECHNICAL ACTIVITIES","69-75 N - PROFESSIONAL, SCIENTIFIC AND TECHNICAL ACTIVITIES"
ORG_02145,Company_02145,74900,74,69-75,N,"PROFESSIONAL, SCIENTIFIC AND TECHNICAL ACTIVITIES","69-75 N - PROFESSIONAL, SCIENTIFIC AND TECHNICAL ACTIVITIES"
ORG_02154,Company_02154,70100,70,69-75,N,"PROFESSIONAL, SCIENTIFIC AND TECHNICAL ACTIVITIES","69-75 N - PROFESSIONAL, SCIENTIFIC AND TECHNICAL ACTIVITIES"
ORG_02156,Company_02156,70220,70,69-75,N,"PROFESSIONAL, SCIENTIFIC AND TECHNICAL ACTIVITIES","69-75 N - PROFESSIONAL, SCIENTIFIC AND TECHNICAL ACTIVITIES"
ORG_02169,Company_02169,70220,70,69-75,N,"PROFESSIONAL, SCIENTIFIC AND TECHNICAL ACTIVITIES","69-75 N - PROFESSIONAL, SCIENTIFIC AND TECHNICAL ACTIVITIES"
ORG_02170,Company_02170,62020,62,61-63,K,"TELECOMMUNICATION, COMPUTER PROGRAMMING, CONSULTING, COMPUTING INFRASTRUCTURE AND OTHER INFORMATION SERVICE ACTIVITIES","61-63 K - TELECOMMUNICATION, COMPUTER PROGRAMMING, CONSULTING, COMPUTING INFRASTRUCTURE AND OTHER INFORMATION SERVICE ACTIVITIES"
ORG_02172,Company_02172,62010,62,61-63,K,"TELECOMMUNICATION, COMPUTER PROGRAMMING, CONSULTING, COMPUTING INFRASTRUCTURE AND OTHER INFORMATION SERVICE ACTIVITIES","61-63 K - TELECOMMUNICATION, COMPUTER PROGRAMMING, CONSULTING, COMPUTING INFRASTRUCTURE AND OTHER INFORMATION SERVICE ACTIVITIES"
ORG_02173,Company_02173,58290,58,58-60,J,"PUBLISHING, BROADCASTING, AND CONTENT PRODUCTION AND DISTRIBUTION ACTIVITIES","58-60 J - PUBLISHING, BROADCASTING, AND CONTENT PRODUCTION AND DISTRIBUTION ACTIVITIES"
ORG_02189,Company_02189,71122,71,69-75,N,"PROFESSIONAL, SCIENTIFIC AND TECHNICAL ACTIVITIES","69-75 N - PROFESSIONAL, SCIENTIFIC AND TECHNICAL ACTIVITIES"
ORG_02195,Company_02195,62010,62,61-63,K,"TELECOMMUNICATION, COMPUTER PROGRAMMING, CONSULTING, COMPUTING INFRASTRUCTURE AND OTHER INFORMATION SERVICE ACTIVITIES","61-63 K - TELECOMMUNICATION, COMPUTER PROGRAMMING, CONSULTING, COMPUTING INFRASTRUCTURE AND OTHER INFORMATION SERVICE ACTIVITIES"
ORG_02196,Company_02196,62010,62,61-63,K,"TELECOMMUNICATION, COMPUTER PROGRAMMING, CONSULTING, COMPUTING INFRASTRUCTURE AND OTHER INFORMATION SERVICE ACTIVITIES","61-63 K - TELECOMMUNICATION, COMPUTER PROGRAMMING, CONSULTING, COMPUTING INFRASTRUCTURE AND OTHER INFORMATION SERVICE ACTIVITIES"
ORG_02199,Company_02199,62020,62,61-63,K,"TELECOMMUNICATION, COMPUTER PROGRAMMING, CONSULTING, COMPUTING INFRASTRUCTURE AND OTHER INFORMATION SERVICE ACTIVITIES","61-63 K - TELECOMMUNICATION, COMPUTER PROGRAMMING, CONSULTING, COMPUTING INFRASTRUCTURE AND OTHER INFORMATION SERVICE ACTIVITIES"
ORG_02202,Company_02202,38220,38,36-39,E,"WATER SUPPLY; SEWERAGE, WASTE MANAGEMENT AND REMEDIATION ACTIVITIES","36-39 E - WATER SUPPLY; SEWERAGE, WASTE MANAGEMENT AND REMEDIATION ACTIVITIES"
ORG_02204,Company_02204,62020,62,61-63,K,"TELECOMMUNICATION, COMPUTER PROGRAMMING, CONSULTING, COMPUTING INFRASTRUCTURE AND OTHER INFORMATION SERVICE ACTIVITIES","61-63 K - TELECOMMUNICATION, COMPUTER PROGRAMMING, CONSULTING, COMPUTING INFRASTRUCTURE AND OTHER INFORMATION SERVICE ACTIVITIES"
ORG_02208,Company_02208,62010,62,61-63,K,"TELECOMMUNICATION, COMPUTER PROGRAMMING, CONSULTING, COMPUTING INFRASTRUCTURE AND OTHER INFORMATION SERVICE ACTIVITIES","61-63 K - TELECOMMUNICATION, COMPUTER PROGRAMMING, CONSULTING, COMPUTING INFRASTRUCTURE AND OTHER INFORMATION SERVICE ACTIVITIES"
ORG_02210,Company_02210,62010,62,61-63,K,"TELECOMMUNICATION, COMPUTER PROGRAMMING, CONSULTING, COMPUTING INFRASTRUCTURE AND OTHER INFORMATION SERVICE ACTIVITIES","61-63 K - TELECOMMUNICATION, COMPUTER PROGRAMMING, CONSULTING, COMPUTING INFRASTRUCTURE AND OTHER INFORMATION SERVICE ACTIVITIES"
ORG_02237,Company_02237,58210,58,58-60,J,"PUBLISHING, BROADCASTING, AND CONTENT PRODUCTION AND DISTRIBUTION ACTIVITIES","58-60 J - PUBLISHING, BROADCASTING, AND CONTENT PRODUCTION AND DISTRIBUTION ACTIVITIES"
ORG_02238,Company_02238,78100;82300;82990,78,77-82,O,ADMINISTRATIVE AND SUPPORT SERVICE ACTIVITIES,77-82 O - ADMINISTRATIVE AND SUPPORT SERVICE ACTIVITIES
ORG_02247,Company_02247,28940,28,10-33,C,MANUFACTURING,10-33 C - MANUFACTURING
ORG_02250,Company_02250,43221,43,41-43,F,CONSTRUCTION,41-43 F - CONSTRUCTION
ORG_02272,Company_02272,62010,62,61-63,K,"TELECOMMUNICATION, COMPUTER PROGRAMMING, CONSULTING, COMPUTING INFRASTRUCTURE AND OTHER INFORMATION SERVICE ACTIVITIES","61-63 K - TELECOMMUNICATION, COMPUTER PROGRAMMING, CONSULTING, COMPUTING INFRASTRUCTURE AND OTHER INFORMATION SERVICE ACTIVITIES"
ORG_02276,Company_02276,74101,74,69-75,N,"PROFESSIONAL, SCIENTIFIC AND TECHNICAL ACTIVITIES","69-75 N - PROFESSIONAL, SCIENTIFIC AND TECHNICAL ACTIVITIES"
ORG_02282,Company_02282,7410,74,69-75,N,"PROFESSIONAL, SCIENTIFIC AND TECHNICAL ACTIVITIES","69-75 N - PROFESSIONAL, SCIENTIFIC AND TECHNICAL ACTIVITIES"
ORG_02285,Company_02285,70220,70,69-75,N,"PROFESSIONAL, SCIENTIFIC AND TECHNICAL ACTIVITIES","69-75 N - PROFESSIONAL, SCIENTIFIC AND TECHNICAL ACTIVITIES"
ORG_02287,Company_02287,1392,13,10-33,C,MANUFACTURING,10-33 C - MANUFACTURING
ORG_02294,Company_02294,63910,63,61-63,K,"TELECOMMUNICATION, COMPUTER PROGRAMMING, CONSULTING, COMPUTING INFRASTRUCTURE AND OTHER INFORMATION SERVICE ACTIVITIES","61-63 K - TELECOMMUNICATION, COMPUTER PROGRAMMING, CONSULTING, COMPUTING INFRASTRUCTURE AND OTHER INFORMATION SERVICE ACTIVITIES"
ORG_02300,Company_02300,62010,62,61-63,K,"TELECOMMUNICATION, COMPUTER PROGRAMMING, CONSULTING, COMPUTING INFRASTRUCTURE AND OTHER INFORMATION SERVICE ACTIVITIES","61-63 K - TELECOMMUNICATION, COMPUTER PROGRAMMING, CONSULTING, COMPUTING INFRASTRUCTURE AND OTHER INFORMATION SERVICE ACTIVITIES"
ORG_02301,Company_02301,80100,80,77-82,O,ADMINISTRATIVE AND SUPPORT SERVICE ACTIVITIES,77-82 O - ADMINISTRATIVE AND SUPPORT SERVICE ACTIVITIES
ORG_02319,Company_02319,63910,63,61-63,K,"TELECOMMUNICATION, COMPUTER PROGRAMMING, CONSULTING, COMPUTING INFRASTRUCTURE AND OTHER INFORMATION SERVICE ACTIVITIES","61-63 K - TELECOMMUNICATION, COMPUTER PROGRAMMING, CONSULTING, COMPUTING INFRASTRUCTURE AND OTHER INFORMATION SERVICE ACTIVITIES"
ORG_02328,Company_02328,58290,58,58-60,J,"PUBLISHING, BROADCASTING, AND CONTENT PRODUCTION AND DISTRIBUTION ACTIVITIES","58-60 J - PUBLISHING, BROADCASTING, AND CONTENT PRODUCTION AND DISTRIBUTION ACTIVITIES"
ORG_02332,Company_02332,46380,46,46-47,G,WHOLESALE AND RETAIL TRADE,46-47 G - WHOLESALE AND RETAIL TRADE
ORG_02333,Company_02333,10310,10,10-33,C,MANUFACTURING,10-33 C - MANUFACTURING
ORG_02347,Company_02347,62010,62,61-63,K,"TELECOMMUNICATION, COMPUTER PROGRAMMING, CONSULTING, COMPUTING INFRASTRUCTURE AND OTHER INFORMATION SERVICE ACTIVITIES","61-63 K - TELECOMMUNICATION, COMPUTER PROGRAMMING, CONSULTING, COMPUTING INFRASTRUCTURE AND OTHER INFORMATION SERVICE ACTIVITIES"
ORG_02353,Company_02353,86211,86,86-88,R,HUMAN HEALTH AND SOCIAL WORK ACTIVITIES,86-88 R - HUMAN HEALTH AND SOCIAL WORK ACTIVITIES
ORG_02388,Company_02388,42220,42,41-43,F,CONSTRUCTION,41-43 F - CONSTRUCTION
ORG_02399,Company_02399,30910,30,10-33,C,MANUFACTURING,10-33 C - MANUFACTURING
ORG_02409,Company_02409,27900,27,10-33,C,MANUFACTURING,10-33 C - MANUFACTURING
ORG_02410,Company_02410,32400;46499;47642,32,10-33,C,MANUFACTURING,10-33 C - MANUFACTURING
ORG_02411,Company_02411,85599,85,85,Q,EDUCATION,85 Q - EDUCATION
ORG_02424,Company_02424,47919,47,46-47,G,WHOLESALE AND RETAIL TRADE,46-47 G - WHOLESALE AND RETAIL TRADE
ORG_02427,Company_02427,73111,73,69-75,N,"PROFESSIONAL, SCIENTIFIC AND TECHNICAL ACTIVITIES","69-75 N - PROFESSIONAL, SCIENTIFIC AND TECHNICAL ACTIVITIES"
ORG_02439,Company_02439,03210,3,01-03,A,"AGRICULTURE, FORESTRY AND FISHING","01-03 A - AGRICULTURE, FORESTRY AND FISHING"
ORG_02449,Company_02449,71122,71,69-75,N,"PROFESSIONAL, SCIENTIFIC AND TECHNICAL ACTIVITIES","69-75 N - PROFESSIONAL, SCIENTIFIC AND TECHNICAL ACTIVITIES"
ORG_02450,Company_02450,74900,74,69-75,N,"PROFESSIONAL, SCIENTIFIC AND TECHNICAL ACTIVITIES","69-75 N - PROFESSIONAL, SCIENTIFIC AND TECHNICAL ACTIVITIES"
ORG_02451,Company_02451,86102,86,86-88,R,HUMAN HEALTH AND SOCIAL WORK ACTIVITIES,86-88 R - HUMAN HEALTH AND SOCIAL WORK ACTIVITIES
ORG_02519,Company_02519,61100,61,61-63,K,"TELECOMMUNICATION, COMPUTER PROGRAMMING, CONSULTING, COMPUTING INFRASTRUCTURE AND OTHER INFORMATION SERVICE ACTIVITIES","61-63 K - TELECOMMUNICATION, COMPUTER PROGRAMMING, CONSULTING, COMPUTING INFRASTRUCTURE AND OTHER INFORMATION SERVICE ACTIVITIES"
ORG_02522,Company_02522,47210,47,46-47,G,WHOLESALE AND RETAIL TRADE,46-47 G - WHOLESALE AND RETAIL TRADE
ORG_02529,Company_02529,95290,95,94-96,T,OTHER SERVICE ACTIVITIES,94-96 T - OTHER SERVICE ACTIVITIES
ORG_02530,Company_02530,95240,95,94-96,T,OTHER SERVICE ACTIVITIES,94-96 T - OTHER SERVICE ACTIVITIES
ORG_02532,Company_02532,74900,74,69-75,N,"PROFESSIONAL, SCIENTIFIC AND TECHNICAL ACTIVITIES","69-75 N - PROFESSIONAL, SCIENTIFIC AND TECHNICAL ACTIVITIES"
ORG_02554,Company_02554,28990,28,10-33,C,MANUFACTURING,10-33 C - MANUFACTURING
ORG_02585,Company_02585,71124,71,69-75,N,"PROFESSIONAL, SCIENTIFIC AND TECHNICAL ACTIVITIES","69-75 N - PROFESSIONAL, SCIENTIFIC AND TECHNICAL ACTIVITIES"
ORG_02593,Company_02593,71123,71,69-75,N,"PROFESSIONAL, SCIENTIFIC AND TECHNICAL ACTIVITIES","69-75 N - PROFESSIONAL, SCIENTIFIC AND TECHNICAL ACTIVITIES"
ORG_02595,Company_02595,58110,58,58-60,J,"PUBLISHING, BROADCASTING, AND CONTENT PRODUCTION AND DISTRIBUTION ACTIVITIES","58-60 J - PUBLISHING, BROADCASTING, AND CONTENT PRODUCTION AND DISTRIBUTION ACTIVITIES"
ORG_02605,Company_02605,90010,90,90-93,S,"ARTS, SPORTS AND RECREATION","90-93 S - ARTS, SPORTS AND RECREATION"
ORG_02623,Company_02623,43210;63910,43,41-43,F,CONSTRUCTION,41-43 F - CONSTRUCTION
ORG_02626,Company_02626,68310,68,68,M,REAL ESTATE ACTIVITIES,68 M - REAL ESTATE ACTIVITIES
ORG_02639,Company_02639,96090,96,94-96,T,OTHER SERVICE ACTIVITIES,94-96 T - OTHER SERVICE ACTIVITIES
ORG_02664,Company_02664,62010,62,61-63,K,"TELECOMMUNICATION, COMPUTER PROGRAMMING, CONSULTING, COMPUTING INFRASTRUCTURE AND OTHER INFORMATION SERVICE ACTIVITIES","61-63 K - TELECOMMUNICATION, COMPUTER PROGRAMMING, CONSULTING, COMPUTING INFRASTRUCTURE AND OTHER INFORMATION SERVICE ACTIVITIES"
ORG_02665,Company_02665,47641,47,46-47,G,WHOLESALE AND RETAIL TRADE,46-47 G - WHOLESALE AND RETAIL TRADE
ORG_02680,Company_02680,71121,71,69-75,N,"PROFESSIONAL, SCIENTIFIC AND TECHNICAL ACTIVITIES","69-75 N - PROFESSIONAL, SCIENTIFIC AND TECHNICAL ACTIVITIES"
ORG_02691,Company_02691,70220,70,69-75,N,"PROFESSIONAL, SCIENTIFIC AND TECHNICAL ACTIVITIES","69-75 N - PROFESSIONAL, SCIENTIFIC AND TECHNICAL ACTIVITIES"
ORG_02707,Company_02707,70220,70,69-75,N,"PROFESSIONAL, SCIENTIFIC AND TECHNICAL ACTIVITIES","69-75 N - PROFESSIONAL, SCIENTIFIC AND TECHNICAL ACTIVITIES"
ORG_02710,Company_02710,71122,71,69-75,N,"PROFESSIONAL, SCIENTIFIC AND TECHNICAL ACTIVITIES","69-75 N - PROFESSIONAL, SCIENTIFIC AND TECHNICAL ACTIVITIES"
ORG_02722,Company_02722,70220,70,69-75,N,"PROFESSIONAL, SCIENTIFIC AND TECHNICAL ACTIVITIES","69-75 N - PROFESSIONAL, SCIENTIFIC AND TECHNICAL ACTIVITIES"
ORG_02726,Company_02726,62010,62,61-63,K,"TELECOMMUNICATION, COMPUTER PROGRAMMING, CONSULTING, COMPUTING INFRASTRUCTURE AND OTHER INFORMATION SERVICE ACTIVITIES","61-63 K - TELECOMMUNICATION, COMPUTER PROGRAMMING, CONSULTING, COMPUTING INFRASTRUCTURE AND OTHER INFORMATION SERVICE ACTIVITIES"
ORG_02736,Company_02736,62010,62,61-63,K,"TELECOMMUNICATION, COMPUTER PROGRAMMING, CONSULTING, COMPUTING INFRASTRUCTURE AND OTHER INFORMATION SERVICE ACTIVITIES","61-63 K - TELECOMMUNICATION, COMPUTER PROGRAMMING, CONSULTING, COMPUTING INFRASTRUCTURE AND OTHER INFORMATION SERVICE ACTIVITIES"
ORG_02749,Company_02749,71129,71,69-75,N,"PROFESSIONAL, SCIENTIFIC AND TECHNICAL ACTIVITIES","69-75 N - PROFESSIONAL, SCIENTIFIC AND TECHNICAL ACTIVITIES"
ORG_02781,Company_02781,71122,71,69-75,N,"PROFESSIONAL, SCIENTIFIC AND TECHNICAL ACTIVITIES","69-75 N - PROFESSIONAL, SCIENTIFIC AND TECHNICAL ACTIVITIES"
ORG_02834,Company_02834,46390,46,46-47,G,WHOLESALE AND RETAIL TRADE,46-47 G - WHOLESALE AND RETAIL TRADE
ORG_02847,Company_02847,46499,46,46-47,G,WHOLESALE AND RETAIL TRADE,46-47 G - WHOLESALE AND RETAIL TRADE
ORG_02855,Company_02855,63110,63,61-63,K,"TELECOMMUNICATION, COMPUTER PROGRAMMING, CONSULTING, COMPUTING INFRASTRUCTURE AND OTHER INFORMATION SERVICE ACTIVITIES","61-63 K - TELECOMMUNICATION, COMPUTER PROGRAMMING, CONSULTING, COMPUTING INFRASTRUCTURE AND OTHER INFORMATION SERVICE ACTIVITIES"
ORG_02865,Company_02865,86222,86,86-88,R,HUMAN HEALTH AND SOCIAL WORK ACTIVITIES,86-88 R - HUMAN HEALTH AND SOCIAL WORK ACTIVITIES
ORG_02866,Company_02866,68310,68,68,M,REAL ESTATE ACTIVITIES,68 M - REAL ESTATE ACTIVITIES
ORG_02868,Company_02868,85591,85,85,Q,EDUCATION,85 Q - EDUCATION
ORG_02875,Company_02875,79120,79,77-82,O,ADMINISTRATIVE AND SUPPORT SERVICE ACTIVITIES,77-82 O - ADMINISTRATIVE AND SUPPORT SERVICE ACTIVITIES
ORG_02877,Company_02877,62020,62,61-63,K,"TELECOMMUNICATION, COMPUTER PROGRAMMING, CONSULTING, COMPUTING INFRASTRUCTURE AND OTHER INFORMATION SERVICE ACTIVITIES","61-63 K - TELECOMMUNICATION, COMPUTER PROGRAMMING, CONSULTING, COMPUTING INFRASTRUCTURE AND OTHER INFORMATION SERVICE ACTIVITIES"
ORG_02897,Company_02897,70220,70,69-75,N,"PROFESSIONAL, SCIENTIFIC AND TECHNICAL ACTIVITIES","69-75 N - PROFESSIONAL, SCIENTIFIC AND TECHNICAL ACTIVITIES"
ORG_02905,Company_02905,46460,46,46-47,G,WHOLESALE AND RETAIL TRADE,46-47 G - WHOLESALE AND RETAIL TRADE
ORG_02923,Company_02923,42110;85599,42,41-43,F,CONSTRUCTION,41-43 F - CONSTRUCTION
ORG_02930,Company_02930,47761,47,46-47,G,WHOLESALE AND RETAIL TRADE,46-47 G - WHOLESALE AND RETAIL TRADE
ORG_02944,Company_02944,62010,62,61-63,K,"TELECOMMUNICATION, COMPUTER PROGRAMMING, CONSULTING, COMPUTING INFRASTRUCTURE AND OTHER INFORMATION SERVICE ACTIVITIES","61-63 K - TELECOMMUNICATION, COMPUTER PROGRAMMING, CONSULTING, COMPUTING INFRASTRUCTURE AND OTHER INFORMATION SERVICE ACTIVITIES"
ORG_02964,Company_02964,46160,46,46-47,G,WHOLESALE AND RETAIL TRADE,46-47 G - WHOLESALE AND RETAIL TRADE
ORG_02965,Company_02965,58290,58,58-60,J,"PUBLISHING, BROADCASTING, AND CONTENT PRODUCTION AND DISTRIBUTION ACTIVITIES","58-60 J - PUBLISHING, BROADCASTING, AND CONTENT PRODUCTION AND DISTRIBUTION ACTIVITIES"
ORG_02967,Company_02967,1412,14,10-33,C,MANUFACTURING,10-33 C - MANUFACTURING
ORG_02968,Company_02968,62010,62,61-63,K,"TELECOMMUNICATION, COMPUTER PROGRAMMING, CONSULTING, COMPUTING INFRASTRUCTURE AND OTHER INFORMATION SERVICE ACTIVITIES","61-63 K - TELECOMMUNICATION, COMPUTER PROGRAMMING, CONSULTING, COMPUTING INFRASTRUCTURE AND OTHER INFORMATION SERVICE ACTIVITIES"
ORG_02971,Company_02971,62010,62,61-63,K,"TELECOMMUNICATION, COMPUTER PROGRAMMING, CONSULTING, COMPUTING INFRASTRUCTURE AND OTHER INFORMATION SERVICE ACTIVITIES","61-63 K - TELECOMMUNICATION, COMPUTER PROGRAMMING, CONSULTING, COMPUTING INFRASTRUCTURE AND OTHER INFORMATION SERVICE ACTIVITIES"
ORG_03003,Company_03003,63110,63,61-63,K,"TELECOMMUNICATION, COMPUTER PROGRAMMING, CONSULTING, COMPUTING INFRASTRUCTURE AND OTHER INFORMATION SERVICE ACTIVITIES","61-63 K - TELECOMMUNICATION, COMPUTER PROGRAMMING, CONSULTING, COMPUTING INFRASTRUCTURE AND OTHER INFORMATION SERVICE ACTIVITIES"
ORG_03012,Company_03012,63110,63,61-63,K,"TELECOMMUNICATION, COMPUTER PROGRAMMING, CONSULTING, COMPUTING INFRASTRUCTURE AND OTHER INFORMATION SERVICE ACTIVITIES","61-63 K - TELECOMMUNICATION, COMPUTER PROGRAMMING, CONSULTING, COMPUTING INFRASTRUCTURE AND OTHER INFORMATION SERVICE ACTIVITIES"
ORG_03017,Company_03017,62010,62,61-63,K,"TELECOMMUNICATION, COMPUTER PROGRAMMING, CONSULTING, COMPUTING INFRASTRUCTURE AND OTHER INFORMATION SERVICE ACTIVITIES","61-63 K - TELECOMMUNICATION, COMPUTER PROGRAMMING, CONSULTING, COMPUTING INFRASTRUCTURE AND OTHER INFORMATION SERVICE ACTIVITIES"
ORG_03039,Company_03039,30910,30,10-33,C,MANUFACTURING,10-33 C - MANUFACTURING
ORG_03040,Company_03040,70220,70,69-75,N,"PROFESSIONAL, SCIENTIFIC AND TECHNICAL ACTIVITIES","69-75 N - PROFESSIONAL, SCIENTIFIC AND TECHNICAL ACTIVITIES"
ORG_03042,Company_03042,62010,62,61-63,K,"TELECOMMUNICATION, COMPUTER PROGRAMMING, CONSULTING, COMPUTING INFRASTRUCTURE AND OTHER INFORMATION SERVICE ACTIVITIES","61-63 K - TELECOMMUNICATION, COMPUTER PROGRAMMING, CONSULTING, COMPUTING INFRASTRUCTURE AND OTHER INFORMATION SERVICE ACTIVITIES"
ORG_03073,Company_03073,58290,58,58-60,J,"PUBLISHING, BROADCASTING, AND CONTENT PRODUCTION AND DISTRIBUTION ACTIVITIES","58-60 J - PUBLISHING, BROADCASTING, AND CONTENT PRODUCTION AND DISTRIBUTION ACTIVITIES"
ORG_03083,Company_03083,56100,56,55-56,I,ACCOMMODATION AND FOOD SERVICE ACTIVITIES,55-56 I - ACCOMMODATION AND FOOD SERVICE ACTIVITIES
ORG_03087,Company_03087,26600,26,10-33,C,MANUFACTURING,10-33 C - MANUFACTURING
ORG_03092,Company_03092,58290,58,58-60,J,"PUBLISHING, BROADCASTING, AND CONTENT PRODUCTION AND DISTRIBUTION ACTIVITIES","58-60 J - PUBLISHING, BROADCASTING, AND CONTENT PRODUCTION AND DISTRIBUTION ACTIVITIES"
ORG_03111,Company_03111,72190,72,69-75,N,"PROFESSIONAL, SCIENTIFIC AND TECHNICAL ACTIVITIES","69-75 N - PROFESSIONAL, SCIENTIFIC AND TECHNICAL ACTIVITIES"
ORG_03119,Company_03119,62020,62,61-63,K,"TELECOMMUNICATION, COMPUTER PROGRAMMING, CONSULTING, COMPUTING INFRASTRUCTURE AND OTHER INFORMATION SERVICE ACTIVITIES","61-63 K - TELECOMMUNICATION, COMPUTER PROGRAMMING, CONSULTING, COMPUTING INFRASTRUCTURE AND OTHER INFORMATION SERVICE ACTIVITIES"
ORG_03147,Company_03147,62010,62,61-63,K,"TELECOMMUNICATION, COMPUTER PROGRAMMING, CONSULTING, COMPUTING INFRASTRUCTURE AND OTHER INFORMATION SERVICE ACTIVITIES","61-63 K - TELECOMMUNICATION, COMPUTER PROGRAMMING, CONSULTING, COMPUTING INFRASTRUCTURE AND OTHER INFORMATION SERVICE ACTIVITIES"
ORG_03165,Company_03165,62010,62,61-63,K,"TELECOMMUNICATION, COMPUTER PROGRAMMING, CONSULTING, COMPUTING INFRASTRUCTURE AND OTHER INFORMATION SERVICE ACTIVITIES","61-63 K - TELECOMMUNICATION, COMPUTER PROGRAMMING, CONSULTING, COMPUTING INFRASTRUCTURE AND OTHER INFORMATION SERVICE ACTIVITIES"
ORG_03171,Company_03171,43120;43130;71121;71124,43,41-43,F,CONSTRUCTION,41-43 F - CONSTRUCTION
ORG_03173,Company_03173,90010,90,90-93,S,"ARTS, SPORTS AND RECREATION","90-93 S - ARTS, SPORTS AND RECREATION"
ORG_03177,Company_03177,62010,62,61-63,K,"TELECOMMUNICATION, COMPUTER PROGRAMMING, CONSULTING, COMPUTING INFRASTRUCTURE AND OTHER INFORMATION SERVICE ACTIVITIES","61-63 K - TELECOMMUNICATION, COMPUTER PROGRAMMING, CONSULTING, COMPUTING INFRASTRUCTURE AND OTHER INFORMATION SERVICE ACTIVITIES"
ORG_03186,Company_03186,47789,47,46-47,G,WHOLESALE AND RETAIL TRADE,46-47 G - WHOLESALE AND RETAIL TRADE
ORG_03194,Company_03194,93119,93,90-93,S,"ARTS, SPORTS AND RECREATION","90-93 S - ARTS, SPORTS AND RECREATION"
ORG_03216,Company_03216,85599,85,85,Q,EDUCATION,85 Q - EDUCATION
ORG_03223,Company_03223,10890,10,10-33,C,MANUFACTURING,10-33 C - MANUFACTURING
ORG_03225,Company_03225,71124,71,69-75,N,"PROFESSIONAL, SCIENTIFIC AND TECHNICAL ACTIVITIES","69-75 N - PROFESSIONAL, SCIENTIFIC AND TECHNICAL ACTIVITIES"
ORG_03237,Company_03237,63910,63,61-63,K,"TELECOMMUNICATION, COMPUTER PROGRAMMING, CONSULTING, COMPUTING INFRASTRUCTURE AND OTHER INFORMATION SERVICE ACTIVITIES","61-63 K - TELECOMMUNICATION, COMPUTER PROGRAMMING, CONSULTING, COMPUTING INFRASTRUCTURE AND OTHER INFORMATION SERVICE ACTIVITIES"
ORG_03246,Company_03246,71129,71,69-75,N,"PROFESSIONAL, SCIENTIFIC AND TECHNICAL ACTIVITIES","69-75 N - PROFESSIONAL, SCIENTIFIC AND TECHNICAL ACTIVITIES"
ORG_03293,Company_03293,28990;33120,28,10-33,C,MANUFACTURING,10-33 C - MANUFACTURING
ORG_03314,Company_03314,85599;88101,85,85,Q,EDUCATION,85 Q - EDUCATION
ORG_03333,Company_03333,56210,56,55-56,I,ACCOMMODATION AND FOOD SERVICE ACTIVITIES,55-56 I - ACCOMMODATION AND FOOD SERVICE ACTIVITIES
ORG_03350,Company_03350,62010,62,61-63,K,"TELECOMMUNICATION, COMPUTER PROGRAMMING, CONSULTING, COMPUTING INFRASTRUCTURE AND OTHER INFORMATION SERVICE ACTIVITIES","61-63 K - TELECOMMUNICATION, COMPUTER PROGRAMMING, CONSULTING, COMPUTING INFRASTRUCTURE AND OTHER INFORMATION SERVICE ACTIVITIES"
ORG_03370,Company_03370,58290;77110,58,58-60,J,"PUBLISHING, BROADCASTING, AND CONTENT PRODUCTION AND DISTRIBUTION ACTIVITIES","58-60 J - PUBLISHING, BROADCASTING, AND CONTENT PRODUCTION AND DISTRIBUTION ACTIVITIES"
ORG_03399,Company_03399,70220,70,69-75,N,"PROFESSIONAL, SCIENTIFIC AND TECHNICAL ACTIVITIES","69-75 N - PROFESSIONAL, SCIENTIFIC AND TECHNICAL ACTIVITIES"
ORG_03440,Company_03440,27900,27,10-33,C,MANUFACTURING,10-33 C - MANUFACTURING
ORG_03443,Company_03443,46340,46,46-47,G,WHOLESALE AND RETAIL TRADE,46-47 G - WHOLESALE AND RETAIL TRADE
ORG_03449,Company_03449,47510,47,46-47,G,WHOLESALE AND RETAIL TRADE,46-47 G - WHOLESALE AND RETAIL TRADE
ORG_03496,Company_03496,86909,86,86-88,R,HUMAN HEALTH AND SOCIAL WORK ACTIVITIES,86-88 R - HUMAN HEALTH AND SOCIAL WORK ACTIVITIES
ORG_03519,Company_03519,81221,81,77-82,O,ADMINISTRATIVE AND SUPPORT SERVICE ACTIVITIES,77-82 O - ADMINISTRATIVE AND SUPPORT SERVICE ACTIVITIES
ORG_03522,Company_03522,70220,70,69-75,N,"PROFESSIONAL, SCIENTIFIC AND TECHNICAL ACTIVITIES","69-75 N - PROFESSIONAL, SCIENTIFIC AND TECHNICAL ACTIVITIES"
ORG_03527,Company_03527,72190,72,69-75,N,"PROFESSIONAL, SCIENTIFIC AND TECHNICAL ACTIVITIES","69-75 N - PROFESSIONAL, SCIENTIFIC AND TECHNICAL ACTIVITIES"
ORG_03530,Company_03530,4671,46,46-47,G,WHOLESALE AND RETAIL TRADE,46-47 G - WHOLESALE AND RETAIL TRADE
ORG_03553,Company_03553,62010,62,61-63,K,"TELECOMMUNICATION, COMPUTER PROGRAMMING, CONSULTING, COMPUTING INFRASTRUCTURE AND OTHER INFORMATION SERVICE ACTIVITIES","61-63 K - TELECOMMUNICATION, COMPUTER PROGRAMMING, CONSULTING, COMPUTING INFRASTRUCTURE AND OTHER INFORMATION SERVICE ACTIVITIES"
ORG_03563,Company_03563,58210,58,58-60,J,"PUBLISHING, BROADCASTING, AND CONTENT PRODUCTION AND DISTRIBUTION ACTIVITIES","58-60 J - PUBLISHING, BROADCASTING, AND CONTENT PRODUCTION AND DISTRIBUTION ACTIVITIES"
ORG_03574,Company_03574,58290,58,58-60,J,"PUBLISHING, BROADCASTING, AND CONTENT PRODUCTION AND DISTRIBUTION ACTIVITIES","58-60 J - PUBLISHING, BROADCASTING, AND CONTENT PRODUCTION AND DISTRIBUTION ACTIVITIES"
ORG_03575,Company_03575,46699,46,46-47,G,WHOLESALE AND RETAIL TRADE,46-47 G - WHOLESALE AND RETAIL TRADE
ORG_03578,Company_03578,58290,58,58-60,J,"PUBLISHING, BROADCASTING, AND CONTENT PRODUCTION AND DISTRIBUTION ACTIVITIES","58-60 J - PUBLISHING, BROADCASTING, AND CONTENT PRODUCTION AND DISTRIBUTION ACTIVITIES"
ORG_03610,Company_03610,10890,10,10-33,C,MANUFACTURING,10-33 C - MANUFACTURING
ORG_03633,Company_03633,71122,71,69-75,N,"PROFESSIONAL, SCIENTIFIC AND TECHNICAL ACTIVITIES","69-75 N - PROFESSIONAL, SCIENTIFIC AND TECHNICAL ACTIVITIES"
ORG_03656,Company_03656,72110,72,69-75,N,"PROFESSIONAL, SCIENTIFIC AND TECHNICAL ACTIVITIES","69-75 N - PROFESSIONAL, SCIENTIFIC AND TECHNICAL ACTIVITIES"
ORG_03657,Company_03657,62010,62,61-63,K,"TELECOMMUNICATION, COMPUTER PROGRAMMING, CONSULTING, COMPUTING INFRASTRUCTURE AND OTHER INFORMATION SERVICE ACTIVITIES","61-63 K - TELECOMMUNICATION, COMPUTER PROGRAMMING, CONSULTING, COMPUTING INFRASTRUCTURE AND OTHER INFORMATION SERVICE ACTIVITIES"
ORG_03658,Company_03658,62010,62,61-63,K,"TELECOMMUNICATION, COMPUTER PROGRAMMING, CONSULTING, COMPUTING INFRASTRUCTURE AND OTHER INFORMATION SERVICE ACTIVITIES","61-63 K - TELECOMMUNICATION, COMPUTER PROGRAMMING, CONSULTING, COMPUTING INFRASTRUCTURE AND OTHER INFORMATION SERVICE ACTIVITIES"
ORG_03661,Company_03661,28290;95290,28,10-33,C,MANUFACTURING,10-33 C - MANUFACTURING
ORG_03663,Company_03663,62010,62,61-63,K,"TELECOMMUNICATION, COMPUTER PROGRAMMING, CONSULTING, COMPUTING INFRASTRUCTURE AND OTHER INFORMATION SERVICE ACTIVITIES","61-63 K - TELECOMMUNICATION, COMPUTER PROGRAMMING, CONSULTING, COMPUTING INFRASTRUCTURE AND OTHER INFORMATION SERVICE ACTIVITIES"
ORG_03667,Company_03667,62010,62,61-63,K,"TELECOMMUNICATION, COMPUTER PROGRAMMING, CONSULTING, COMPUTING INFRASTRUCTURE AND OTHER INFORMATION SERVICE ACTIVITIES","61-63 K - TELECOMMUNICATION, COMPUTER PROGRAMMING, CONSULTING, COMPUTING INFRASTRUCTURE AND OTHER INFORMATION SERVICE ACTIVITIES"
ORG_03753,Company_03753,78100,78,77-82,O,ADMINISTRATIVE AND SUPPORT SERVICE ACTIVITIES,77-82 O - ADMINISTRATIVE AND SUPPORT SERVICE ACTIVITIES
ORG_03762,Company_03762,71122,71,69-75,N,"PROFESSIONAL, SCIENTIFIC AND TECHNICAL ACTIVITIES","69-75 N - PROFESSIONAL, SCIENTIFIC AND TECHNICAL ACTIVITIES"
ORG_03801,Company_03801,58290,58,58-60,J,"PUBLISHING, BROADCASTING, AND CONTENT PRODUCTION AND DISTRIBUTION ACTIVITIES","58-60 J - PUBLISHING, BROADCASTING, AND CONTENT PRODUCTION AND DISTRIBUTION ACTIVITIES"
ORG_03810,Company_03810,28990,28,10-33,C,MANUFACTURING,10-33 C - MANUFACTURING
ORG_03833,Company_03833,77210,77,77-82,O,ADMINISTRATIVE AND SUPPORT SERVICE ACTIVITIES,77-82 O - ADMINISTRATIVE AND SUPPORT SERVICE ACTIVITIES
ORG_03840,Company_03840,26600,26,10-33,C,MANUFACTURING,10-33 C - MANUFACTURING
ORG_03871,Company_03871,70220,70,69-75,N,"PROFESSIONAL, SCIENTIFIC AND TECHNICAL ACTIVITIES","69-75 N - PROFESSIONAL, SCIENTIFIC AND TECHNICAL ACTIVITIES"
ORG_03872,Company_03872,58290,58,58-60,J,"PUBLISHING, BROADCASTING, AND CONTENT PRODUCTION AND DISTRIBUTION ACTIVITIES","58-60 J - PUBLISHING, BROADCASTING, AND CONTENT PRODUCTION AND DISTRIBUTION ACTIVITIES"
ORG_03875,Company_03875,70220,70,69-75,N,"PROFESSIONAL, SCIENTIFIC AND TECHNICAL ACTIVITIES","69-75 N - PROFESSIONAL, SCIENTIFIC AND TECHNICAL ACTIVITIES"
ORG_03883,Company_03883,62010,62,61-63,K,"TELECOMMUNICATION, COMPUTER PROGRAMMING, CONSULTING, COMPUTING INFRASTRUCTURE AND OTHER INFORMATION SERVICE ACTIVITIES","61-63 K - TELECOMMUNICATION, COMPUTER PROGRAMMING, CONSULTING, COMPUTING INFRASTRUCTURE AND OTHER INFORMATION SERVICE ACTIVITIES"
ORG_03892,Company_03892,70220,70,69-75,N,"PROFESSIONAL, SCIENTIFIC AND TECHNICAL ACTIVITIES","69-75 N - PROFESSIONAL, SCIENTIFIC AND TECHNICAL ACTIVITIES"
ORG_03893,Company_03893,58290;86222,58,58-60,J,"PUBLISHING, BROADCASTING, AND CONTENT PRODUCTION AND DISTRIBUTION ACTIVITIES","58-60 J - PUBLISHING, BROADCASTING, AND CONTENT PRODUCTION AND DISTRIBUTION ACTIVITIES"
ORG_03896,Company_03896,77330,77,77-82,O,ADMINISTRATIVE AND SUPPORT SERVICE ACTIVITIES,77-82 O - ADMINISTRATIVE AND SUPPORT SERVICE ACTIVITIES
ORG_03903,Company_03903,20590,20,10-33,C,MANUFACTURING,10-33 C - MANUFACTURING
ORG_03918,Company_03918,10890,10,10-33,C,MANUFACTURING,10-33 C - MANUFACTURING
ORG_03947,Company_03947,58290;73111,58,58-60,J,"PUBLISHING, BROADCASTING, AND CONTENT PRODUCTION AND DISTRIBUTION ACTIVITIES","58-60 J - PUBLISHING, BROADCASTING, AND CONTENT PRODUCTION AND DISTRIBUTION ACTIVITIES"
ORG_03962,Company_03962,72110,72,69-75,N,"PROFESSIONAL, SCIENTIFIC AND TECHNICAL ACTIVITIES","69-75 N - PROFESSIONAL, SCIENTIFIC AND TECHNICAL ACTIVITIES"
ORG_03971,Company_03971,63110,63,61-63,K,"TELECOMMUNICATION, COMPUTER PROGRAMMING, CONSULTING, COMPUTING INFRASTRUCTURE AND OTHER INFORMATION SERVICE ACTIVITIES","61-63 K - TELECOMMUNICATION, COMPUTER PROGRAMMING, CONSULTING, COMPUTING INFRASTRUCTURE AND OTHER INFORMATION SERVICE ACTIVITIES"
ORG_03987,Company_03987,77210,77,77-82,O,ADMINISTRATIVE AND SUPPORT SERVICE ACTIVITIES,77-82 O - ADMINISTRATIVE AND SUPPORT SERVICE ACTIVITIES
ORG_04006,Company_04006,62010,62,61-63,K,"TELECOMMUNICATION, COMPUTER PROGRAMMING, CONSULTING, COMPUTING INFRASTRUCTURE AND OTHER INFORMATION SERVICE ACTIVITIES","61-63 K - TELECOMMUNICATION, COMPUTER PROGRAMMING, CONSULTING, COMPUTING INFRASTRUCTURE AND OTHER INFORMATION SERVICE ACTIVITIES"
ORG_04055,Company_04055,58290,58,58-60,J,"PUBLISHING, BROADCASTING, AND CONTENT PRODUCTION AND DISTRIBUTION ACTIVITIES","58-60 J - PUBLISHING, BROADCASTING, AND CONTENT PRODUCTION AND DISTRIBUTION ACTIVITIES"
ORG_04087,Company_04087,62010,62,61-63,K,"TELECOMMUNICATION, COMPUTER PROGRAMMING, CONSULTING, COMPUTING INFRASTRUCTURE AND OTHER INFORMATION SERVICE ACTIVITIES","61-63 K - TELECOMMUNICATION, COMPUTER PROGRAMMING, CONSULTING, COMPUTING INFRASTRUCTURE AND OTHER INFORMATION SERVICE ACTIVITIES"
ORG_04101,Company_04101,86901,86,86-88,R,HUMAN HEALTH AND SOCIAL WORK ACTIVITIES,86-88 R - HUMAN HEALTH AND SOCIAL WORK ACTIVITIES
ORG_04113,Company_04113,62010,62,61-63,K,"TELECOMMUNICATION, COMPUTER PROGRAMMING, CONSULTING, COMPUTING INFRASTRUCTURE AND OTHER INFORMATION SERVICE ACTIVITIES","61-63 K - TELECOMMUNICATION, COMPUTER PROGRAMMING, CONSULTING, COMPUTING INFRASTRUCTURE AND OTHER INFORMATION SERVICE ACTIVITIES"
ORG_04124,Company_04124,62010,62,61-63,K,"TELECOMMUNICATION, COMPUTER PROGRAMMING, CONSULTING, COMPUTING INFRASTRUCTURE AND OTHER INFORMATION SERVICE ACTIVITIES","61-63 K - TELECOMMUNICATION, COMPUTER PROGRAMMING, CONSULTING, COMPUTING INFRASTRUCTURE AND OTHER INFORMATION SERVICE ACTIVITIES"
ORG_04146,Company_04146,62010,62,61-63,K,"TELECOMMUNICATION, COMPUTER PROGRAMMING, CONSULTING, COMPUTING INFRASTRUCTURE AND OTHER INFORMATION SERVICE ACTIVITIES","61-63 K - TELECOMMUNICATION, COMPUTER PROGRAMMING, CONSULTING, COMPUTING INFRASTRUCTURE AND OTHER INFORMATION SERVICE ACTIVITIES"
ORG_04162,Company_04162,62010,62,61-63,K,"TELECOMMUNICATION, COMPUTER PROGRAMMING, CONSULTING, COMPUTING INFRASTRUCTURE AND OTHER INFORMATION SERVICE ACTIVITIES","61-63 K - TELECOMMUNICATION, COMPUTER PROGRAMMING, CONSULTING, COMPUTING INFRASTRUCTURE AND OTHER INFORMATION SERVICE ACTIVITIES"
ORG_04176,Company_04176,5911;59110,59,58-60,J,"PUBLISHING, BROADCASTING, AND CONTENT PRODUCTION AND DISTRIBUTION ACTIVITIES","58-60 J - PUBLISHING, BROADCASTING, AND CONTENT PRODUCTION AND DISTRIBUTION ACTIVITIES"
ORG_04202,Company_04202,62010,62,61-63,K,"TELECOMMUNICATION, COMPUTER PROGRAMMING, CONSULTING, COMPUTING INFRASTRUCTURE AND OTHER INFORMATION SERVICE ACTIVITIES","61-63 K - TELECOMMUNICATION, COMPUTER PROGRAMMING, CONSULTING, COMPUTING INFRASTRUCTURE AND OTHER INFORMATION SERVICE ACTIVITIES"
ORG_04221,Company_04221,88101,88,86-88,R,HUMAN HEALTH AND SOCIAL WORK ACTIVITIES,86-88 R - HUMAN HEALTH AND SOCIAL WORK ACTIVITIES
ORG_04228,Company_04228,62010,62,61-63,K,"TELECOMMUNICATION, COMPUTER PROGRAMMING, CONSULTING, COMPUTING INFRASTRUCTURE AND OTHER INFORMATION SERVICE ACTIVITIES","61-63 K - TELECOMMUNICATION, COMPUTER PROGRAMMING, CONSULTING, COMPUTING INFRASTRUCTURE AND OTHER INFORMATION SERVICE ACTIVITIES"
ORG_04281,Company_04281,72190,72,69-75,N,"PROFESSIONAL, SCIENTIFIC AND TECHNICAL ACTIVITIES","69-75 N - PROFESSIONAL, SCIENTIFIC AND TECHNICAL ACTIVITIES"
ORG_04298,Company_04298,10890,10,10-33,C,MANUFACTURING,10-33 C - MANUFACTURING
ORG_04335,Company_04335,46141,46,46-47,G,WHOLESALE AND RETAIL TRADE,46-47 G - WHOLESALE AND RETAIL TRADE
ORG_04374,Company_04374,26200,26,10-33,C,MANUFACTURING,10-33 C - MANUFACTURING
ORG_04427,Company_04427,72110,72,69-75,N,"PROFESSIONAL, SCIENTIFIC AND TECHNICAL ACTIVITIES","69-75 N - PROFESSIONAL, SCIENTIFIC AND TECHNICAL ACTIVITIES"
ORG_04486,Company_04486,1623,16,10-33,C,MANUFACTURING,10-33 C - MANUFACTURING
ORG_04511,Company_04511,58290,58,58-60,J,"PUBLISHING, BROADCASTING, AND CONTENT PRODUCTION AND DISTRIBUTION ACTIVITIES","58-60 J - PUBLISHING, BROADCASTING, AND CONTENT PRODUCTION AND DISTRIBUTION ACTIVITIES"
ORG_04516,Company_04516,62010,62,61-63,K,"TELECOMMUNICATION, COMPUTER PROGRAMMING, CONSULTING, COMPUTING INFRASTRUCTURE AND OTHER INFORMATION SERVICE ACTIVITIES","61-63 K - TELECOMMUNICATION, COMPUTER PROGRAMMING, CONSULTING, COMPUTING INFRASTRUCTURE AND OTHER INFORMATION SERVICE ACTIVITIES"
ORG_04589,Company_04589,71124,71,69-75,N,"PROFESSIONAL, SCIENTIFIC AND TECHNICAL ACTIVITIES","69-75 N - PROFESSIONAL, SCIENTIFIC AND TECHNICAL ACTIVITIES"
ORG_04592,Company_04592,62010,62,61-63,K,"TELECOMMUNICATION, COMPUTER PROGRAMMING, CONSULTING, COMPUTING INFRASTRUCTURE AND OTHER INFORMATION SERVICE ACTIVITIES","61-63 K - TELECOMMUNICATION, COMPUTER PROGRAMMING, CONSULTING, COMPUTING INFRASTRUCTURE AND OTHER INFORMATION SERVICE ACTIVITIES"
ORG_04601,Company_04601,74900,74,69-75,N,"PROFESSIONAL, SCIENTIFIC AND TECHNICAL ACTIVITIES","69-75 N - PROFESSIONAL, SCIENTIFIC AND TECHNICAL ACTIVITIES"
ORG_04633,Company_04633,2222,22,10-33,C,MANUFACTURING,10-33 C - MANUFACTURING
ORG_04642,Company_04642,62010,62,61-63,K,"TELECOMMUNICATION, COMPUTER PROGRAMMING, CONSULTING, COMPUTING INFRASTRUCTURE AND OTHER INFORMATION SERVICE ACTIVITIES","61-63 K - TELECOMMUNICATION, COMPUTER PROGRAMMING, CONSULTING, COMPUTING INFRASTRUCTURE AND OTHER INFORMATION SERVICE ACTIVITIES"
ORG_04663,Company_04663,39000,39,36-39,E,"WATER SUPPLY; SEWERAGE, WASTE MANAGEMENT AND REMEDIATION ACTIVITIES","36-39 E - WATER SUPPLY; SEWERAGE, WASTE MANAGEMENT AND REMEDIATION ACTIVITIES"
ORG_04691,Company_04691,71122,71,69-75,N,"PROFESSIONAL, SCIENTIFIC AND TECHNICAL ACTIVITIES","69-75 N - PROFESSIONAL, SCIENTIFIC AND TECHNICAL ACTIVITIES"
ORG_04753,Company_04753,01471;01500;01610,1,01-03,A,"AGRICULTURE, FORESTRY AND FISHING","01-03 A - AGRICULTURE, FORESTRY AND FISHING"
ORG_04773,Company_04773,62020,62,61-63,K,"TELECOMMUNICATION, COMPUTER PROGRAMMING, CONSULTING, COMPUTING INFRASTRUCTURE AND OTHER INFORMATION SERVICE ACTIVITIES","61-63 K - TELECOMMUNICATION, COMPUTER PROGRAMMING, CONSULTING, COMPUTING INFRASTRUCTURE AND OTHER INFORMATION SERVICE ACTIVITIES"
ORG_04798,Company_04798,70220,70,69-75,N,"PROFESSIONAL, SCIENTIFIC AND TECHNICAL ACTIVITIES","69-75 N - PROFESSIONAL, SCIENTIFIC AND TECHNICAL ACTIVITIES"
ORG_04842,Company_04842,62010,62,61-63,K,"TELECOMMUNICATION, COMPUTER PROGRAMMING, CONSULTING, COMPUTING INFRASTRUCTURE AND OTHER INFORMATION SERVICE ACTIVITIES","61-63 K - TELECOMMUNICATION, COMPUTER PROGRAMMING, CONSULTING, COMPUTING INFRASTRUCTURE AND OTHER INFORMATION SERVICE ACTIVITIES"
ORG_04901,Company_04901,58290,58,58-60,J,"PUBLISHING, BROADCASTING, AND CONTENT PRODUCTION AND DISTRIBUTION ACTIVITIES","58-60 J - PUBLISHING, BROADCASTING, AND CONTENT PRODUCTION AND DISTRIBUTION ACTIVITIES"
ORG_04914,Company_04914,72190,72,69-75,N,"PROFESSIONAL, SCIENTIFIC AND TECHNICAL ACTIVITIES","69-75 N - PROFESSIONAL, SCIENTIFIC AND TECHNICAL ACTIVITIES"
ORG_04976,Company_04976,62010,62,61-63,K,"TELECOMMUNICATION, COMPUTER PROGRAMMING, CONSULTING, COMPUTING INFRASTRUCTURE AND OTHER INFORMATION SERVICE ACTIVITIES","61-63 K - TELECOMMUNICATION, COMPUTER PROGRAMMING, CONSULTING, COMPUTING INFRASTRUCTURE AND OTHER INFORMATION SERVICE ACTIVITIES"
ORG_04980,Company_04980,58290,58,58-60,J,"PUBLISHING, BROADCASTING, AND CONTENT PRODUCTION AND DISTRIBUTION ACTIVITIES","58-60 J - PUBLISHING, BROADCASTING, AND CONTENT PRODUCTION AND DISTRIBUTION ACTIVITIES"
ORG_05014,Company_05014,46460,46,46-47,G,WHOLESALE AND RETAIL TRADE,46-47 G - WHOLESALE AND RETAIL TRADE
ORG_05037,Company_05037,62010,62,61-63,K,"TELECOMMUNICATION, COMPUTER PROGRAMMING, CONSULTING, COMPUTING INFRASTRUCTURE AND OTHER INFORMATION SERVICE ACTIVITIES","61-63 K - TELECOMMUNICATION, COMPUTER PROGRAMMING, CONSULTING, COMPUTING INFRASTRUCTURE AND OTHER INFORMATION SERVICE ACTIVITIES"
ORG_05128,Company_05128,58290,58,58-60,J,"PUBLISHING, BROADCASTING, AND CONTENT PRODUCTION AND DISTRIBUTION ACTIVITIES","58-60 J - PUBLISHING, BROADCASTING, AND CONTENT PRODUCTION AND DISTRIBUTION ACTIVITIES"
ORG_05295,Company_05295,62010,62,61-63,K,"TELECOMMUNICATION, COMPUTER PROGRAMMING, CONSULTING, COMPUTING INFRASTRUCTURE AND OTHER INFORMATION SERVICE ACTIVITIES","61-63 K - TELECOMMUNICATION, COMPUTER PROGRAMMING, CONSULTING, COMPUTING INFRASTRUCTURE AND OTHER INFORMATION SERVICE ACTIVITIES"
ORG_05319,Company_05319,72190,72,69-75,N,"PROFESSIONAL, SCIENTIFIC AND TECHNICAL ACTIVITIES","69-75 N - PROFESSIONAL, SCIENTIFIC AND TECHNICAL ACTIVITIES"
ORG_05382,Company_05382,26510,26,10-33,C,MANUFACTURING,10-33 C - MANUFACTURING
ORG_05502,Company_05502,72110,72,69-75,N,"PROFESSIONAL, SCIENTIFIC AND TECHNICAL ACTIVITIES","69-75 N - PROFESSIONAL, SCIENTIFIC AND TECHNICAL ACTIVITIES"
ORG_05587,Company_05587,66190,66,64-66,L,FINANCIAL AND INSURANCE ACTIVITIES,64-66 L - FINANCIAL AND INSURANCE ACTIVITIES
ORG_05611,Company_05611,32501,32,10-33,C,MANUFACTURING,10-33 C - MANUFACTURING
ORG_05630,Company_05630,10520,10,10-33,C,MANUFACTURING,10-33 C - MANUFACTURING
ORG_05696,Company_05696,47919,47,46-47,G,WHOLESALE AND RETAIL TRADE,46-47 G - WHOLESALE AND RETAIL TRADE
ORG_05721,Company_05721,62020,62,61-63,K,"TELECOMMUNICATION, COMPUTER PROGRAMMING, CONSULTING, COMPUTING INFRASTRUCTURE AND OTHER INFORMATION SERVICE ACTIVITIES","61-63 K - TELECOMMUNICATION, COMPUTER PROGRAMMING, CONSULTING, COMPUTING INFRASTRUCTURE AND OTHER INFORMATION SERVICE ACTIVITIES"
ORG_05765,Company_05765,62010,62,61-63,K,"TELECOMMUNICATION, COMPUTER PROGRAMMING, CONSULTING, COMPUTING INFRASTRUCTURE AND OTHER INFORMATION SERVICE ACTIVITIES","61-63 K - TELECOMMUNICATION, COMPUTER PROGRAMMING, CONSULTING, COMPUTING INFRASTRUCTURE AND OTHER INFORMATION SERVICE ACTIVITIES"
